<?xml version="1.0" encoding="UTF-8" standalone="no"?>
<galaxy>
    <star blackHole="false" name="Sol" numGasGiants="0" numPlanets="0" size="1.0" temp="100" x="0" y="0">
        <planet DIMID="0" dimMapping="" name="Earth">
            <isKnown>true</isKnown>
            <fogColor>1.0,1.0,1.0</fogColor>
            <skyColor>1.0,1.0,1.0</skyColor>
            <gravitationalMultiplier>100</gravitationalMultiplier>
            <orbitalDistance>100</orbitalDistance>
            <orbitalTheta>0</orbitalTheta>
            <orbitalPhi>0</orbitalPhi>
            <retrograde>false</retrograde>
            <avgTemperature>287</avgTemperature>
            <rotationalPeriod>24000</rotationalPeriod>
            <atmosphereDensity>100</atmosphereDensity>
            <generateCraters>false</generateCraters>
            <generateCaves>false</generateCaves>
            <generateVolcanos>false</generateVolcanos>
            <generateStructures>false</generateStructures>
            <generateGeodes>false</generateGeodes>
            <planet DIMID="3" name="Luna">
                <isKnown>false</isKnown>
                <fogColor>1.0,1.0,1.0</fogColor>
                <skyColor>1.0,1.0,1.0</skyColor>
                <gravitationalMultiplier>16</gravitationalMultiplier>
                <orbitalDistance>150</orbitalDistance>
                <orbitalTheta>0</orbitalTheta>
                <orbitalPhi>0</orbitalPhi>
                <retrograde>false</retrograde>
                <avgTemperature>255</avgTemperature>
                <rotationalPeriod>128000</rotationalPeriod>
                <atmosphereDensity>0</atmosphereDensity>
                <generateCraters>true</generateCraters>
                <generateCaves>false</generateCaves>
                <generateVolcanos>false</generateVolcanos>
                <generateStructures>false</generateStructures>
                <generateGeodes>false</generateGeodes>
                <biomeIds>advancedrocketry:moon;30,advancedrocketry:moondark;30</biomeIds>
            </planet>
        </planet>
        <planet DIMID="16" name="Sol 16">
            <isKnown>false</isKnown>
            <fogColor>1.0,1.0,1.0</fogColor>
            <skyColor>0.8,0.80230224,0.0</skyColor>
            <gravitationalMultiplier>96</gravitationalMultiplier>
            <orbitalDistance>14</orbitalDistance>
            <orbitalTheta>216</orbitalTheta>
            <orbitalPhi>-80</orbitalPhi>
            <retrograde>false</retrograde>
            <avgTemperature>774</avgTemperature>
            <rotationalPeriod>26707</rotationalPeriod>
            <atmosphereDensity>103</atmosphereDensity>
            <generateCraters>false</generateCraters>
            <generateCaves>false</generateCaves>
            <generateVolcanos>true</generateVolcanos>
            <generateStructures>false</generateStructures>
            <generateGeodes>false</generateGeodes>
            <biomeIds>minecraft:mutated_mesa;30,minecraft:savanna_rock;30,minecraft:jungle;30,minecraft:desert;30,minecraft:mutated_mesa_clear_rock;30</biomeIds>
            <oceanBlock>minecraft:lava</oceanBlock>
        </planet>
        <planet DIMID="17" name="Sol 17">
            <isKnown>false</isKnown>
            <fogColor>1.0,1.0,1.0</fogColor>
            <skyColor>0.8,0.9941981,0.9504652</skyColor>
            <gravitationalMultiplier>130</gravitationalMultiplier>
            <orbitalDistance>147</orbitalDistance>
            <orbitalTheta>274</orbitalTheta>
            <orbitalPhi>-162</orbitalPhi>
            <retrograde>false</retrograde>
            <avgTemperature>211</avgTemperature>
            <rotationalPeriod>10923</rotationalPeriod>
            <atmosphereDensity>18</atmosphereDensity>
            <generateCraters>true</generateCraters>
            <generateCaves>false</generateCaves>
            <generateVolcanos>false</generateVolcanos>
            <generateStructures>false</generateStructures>
            <generateGeodes>false</generateGeodes>
            <biomeIds>advancedrocketry:moon;30,advancedrocketry:moondark;30</biomeIds>
            <planet DIMID="18" name="Sol 17: 0">
                <isKnown>false</isKnown>
                <fogColor>1.0,1.0,1.0</fogColor>
                <skyColor>0.8,0.6732568,0.98393714</skyColor>
                <gravitationalMultiplier>82</gravitationalMultiplier>
                <orbitalDistance>158</orbitalDistance>
                <orbitalTheta>258</orbitalTheta>
                <orbitalPhi>53</orbitalPhi>
                <retrograde>false</retrograde>
                <avgTemperature>203</avgTemperature>
                <rotationalPeriod>43528</rotationalPeriod>
                <atmosphereDensity>28</atmosphereDensity>
                <generateCraters>true</generateCraters>
                <generateCaves>false</generateCaves>
                <generateVolcanos>false</generateVolcanos>
                <generateStructures>false</generateStructures>
                <generateGeodes>false</generateGeodes>
                <biomeIds>minecraft:mutated_jungle_edge;30,minecraft:beaches;30,minecraft:mutated_mesa_rock;30,minecraft:stone_beach;30,minecraft:desert_hills;30</biomeIds>
            </planet>
        </planet>
        <planet DIMID="19" name="Sol 19">
            <isKnown>false</isKnown>
            <fogColor>1.0,1.0,1.0</fogColor>
            <skyColor>0.8,0.79155535,0.5916917</skyColor>
            <gravitationalMultiplier>97</gravitationalMultiplier>
            <orbitalDistance>129</orbitalDistance>
            <orbitalTheta>353</orbitalTheta>
            <orbitalPhi>-9</orbitalPhi>
            <retrograde>false</retrograde>
            <avgTemperature>305</avgTemperature>
            <rotationalPeriod>25893</rotationalPeriod>
            <atmosphereDensity>211</atmosphereDensity>
            <generateCraters>false</generateCraters>
            <generateCaves>false</generateCaves>
            <generateVolcanos>false</generateVolcanos>
            <generateStructures>false</generateStructures>
            <generateGeodes>true</generateGeodes>
            <biomeIds>minecraft:swampland;10,minecraft:taiga_hills;30,minecraft:mutated_ice_flats;30,minecraft:smaller_extreme_hills;30,minecraft:frozen_ocean;30,advancedrocketry:deepswamp;30,advancedrocketry:stormland;30</biomeIds>
        </planet>
        <planet DIMID="4" name="Sol 4">
            <isKnown>false</isKnown>
            <GasGiant>true</GasGiant>
            <gas>methane</gas>
            <gas>oxygen</gas>
            <gas>ammonia</gas>
            <gas>nitrogen</gas>
            <fogColor>1.0,1.0,1.0</fogColor>
            <skyColor>1.0,1.0,1.0</skyColor>
            <gravitationalMultiplier>114</gravitationalMultiplier>
            <orbitalDistance>272</orbitalDistance>
            <orbitalTheta>0</orbitalTheta>
            <orbitalPhi>0</orbitalPhi>
            <retrograde>false</retrograde>
            <avgTemperature>201</avgTemperature>
            <rotationalPeriod>24000</rotationalPeriod>
            <atmosphereDensity>176</atmosphereDensity>
            <generateCraters>false</generateCraters>
            <generateCaves>false</generateCaves>
            <generateVolcanos>false</generateVolcanos>
            <generateStructures>false</generateStructures>
            <generateGeodes>false</generateGeodes>
            <planet DIMID="5" name="Sol 4: 0">
                <isKnown>false</isKnown>
                <fogColor>1.0,1.0,1.0</fogColor>
                <skyColor>0.8,0.90500796,1.0</skyColor>
                <gravitationalMultiplier>52</gravitationalMultiplier>
                <orbitalDistance>182</orbitalDistance>
                <orbitalTheta>190</orbitalTheta>
                <orbitalPhi>-197</orbitalPhi>
                <retrograde>false</retrograde>
                <avgTemperature>189</avgTemperature>
                <rotationalPeriod>170687</rotationalPeriod>
                <atmosphereDensity>30</atmosphereDensity>
                <generateCraters>true</generateCraters>
                <generateCaves>false</generateCaves>
                <generateVolcanos>false</generateVolcanos>
                <generateStructures>false</generateStructures>
                <generateGeodes>false</generateGeodes>
                <biomeIds>advancedrocketry:crystalchasms;30</biomeIds>
            </planet>
            <planet DIMID="6" name="Sol 4: 1">
                <isKnown>false</isKnown>
                <fogColor>1.0,1.0,1.0</fogColor>
                <skyColor>0.8,0.8750993,0.8520571</skyColor>
                <gravitationalMultiplier>58</gravitationalMultiplier>
                <orbitalDistance>110</orbitalDistance>
                <orbitalTheta>263</orbitalTheta>
                <orbitalPhi>127</orbitalPhi>
                <retrograde>false</retrograde>
                <avgTemperature>243</avgTemperature>
                <rotationalPeriod>116857</rotationalPeriod>
                <atmosphereDensity>15</atmosphereDensity>
                <generateCraters>true</generateCraters>
                <generateCaves>false</generateCaves>
                <generateVolcanos>false</generateVolcanos>
                <generateStructures>false</generateStructures>
                <generateGeodes>false</generateGeodes>
                <biomeIds>advancedrocketry:moon;30,advancedrocketry:moondark;30</biomeIds>
            </planet>
            <planet DIMID="7" name="Sol 4: 2">
                <isKnown>false</isKnown>
                <fogColor>1.0,1.0,1.0</fogColor>
                <skyColor>0.8,0.8157929,0.8147597</skyColor>
                <gravitationalMultiplier>81</gravitationalMultiplier>
                <orbitalDistance>108</orbitalDistance>
                <orbitalTheta>251</orbitalTheta>
                <orbitalPhi>-130</orbitalPhi>
                <retrograde>false</retrograde>
                <avgTemperature>246</avgTemperature>
                <rotationalPeriod>45160</rotationalPeriod>
                <atmosphereDensity>17</atmosphereDensity>
                <generateCraters>true</generateCraters>
                <generateCaves>false</generateCaves>
                <generateVolcanos>false</generateVolcanos>
                <generateStructures>false</generateStructures>
                <generateGeodes>false</generateGeodes>
                <biomeIds>advancedrocketry:moon;30,advancedrocketry:moondark;30</biomeIds>
            </planet>
            <planet DIMID="8" name="Sol 4: 3">
                <isKnown>false</isKnown>
                <fogColor>1.0,1.0,1.0</fogColor>
                <skyColor>0.8,0.92428315,0.89256334</skyColor>
                <gravitationalMultiplier>74</gravitationalMultiplier>
                <orbitalDistance>129</orbitalDistance>
                <orbitalTheta>243</orbitalTheta>
                <orbitalPhi>-4</orbitalPhi>
                <retrograde>false</retrograde>
                <avgTemperature>225</avgTemperature>
                <rotationalPeriod>59226</rotationalPeriod>
                <atmosphereDensity>21</atmosphereDensity>
                <generateCraters>true</generateCraters>
                <generateCaves>false</generateCaves>
                <generateVolcanos>false</generateVolcanos>
                <generateStructures>false</generateStructures>
                <generateGeodes>false</generateGeodes>
                <biomeIds>advancedrocketry:moon;30,advancedrocketry:moondark;30</biomeIds>
            </planet>
            <planet DIMID="9" name="Sol 4: 4">
                <isKnown>false</isKnown>
                <fogColor>1.0,1.0,1.0</fogColor>
                <skyColor>0.8,0.98865575,1.0</skyColor>
                <gravitationalMultiplier>42</gravitationalMultiplier>
                <orbitalDistance>166</orbitalDistance>
                <orbitalTheta>68</orbitalTheta>
                <orbitalPhi>-67</orbitalPhi>
                <retrograde>false</retrograde>
                <avgTemperature>198</avgTemperature>
                <rotationalPeriod>323939</rotationalPeriod>
                <atmosphereDensity>26</atmosphereDensity>
                <generateCraters>true</generateCraters>
                <generateCaves>false</generateCaves>
                <generateVolcanos>false</generateVolcanos>
                <generateStructures>false</generateStructures>
                <generateGeodes>false</generateGeodes>
                <biomeIds>minecraft:mushroom_island;30,minecraft:mutated_roofed_forest;30,minecraft:desert;30,minecraft:mutated_forest;30,minecraft:forest_hills;30</biomeIds>
            </planet>
            <planet DIMID="10" name="Sol 4: 5">
                <isKnown>false</isKnown>
                <fogColor>1.0,1.0,1.0</fogColor>
                <skyColor>0.8,0.743605,0.9584732</skyColor>
                <gravitationalMultiplier>58</gravitationalMultiplier>
                <orbitalDistance>174</orbitalDistance>
                <orbitalTheta>40</orbitalTheta>
                <orbitalPhi>-286</orbitalPhi>
                <retrograde>false</retrograde>
                <avgTemperature>193</avgTemperature>
                <rotationalPeriod>116857</rotationalPeriod>
                <atmosphereDensity>13</atmosphereDensity>
                <generateCraters>true</generateCraters>
                <generateCaves>false</generateCaves>
                <generateVolcanos>false</generateVolcanos>
                <generateStructures>false</generateStructures>
                <generateGeodes>false</generateGeodes>
                <biomeIds>advancedrocketry:moon;30,advancedrocketry:moondark;30</biomeIds>
            </planet>
        </planet>
        <planet DIMID="20" name="Sol 20">
            <isKnown>false</isKnown>
            <fogColor>1.0,1.0,1.0</fogColor>
            <skyColor>0.8,0.52808297,0.8106533</skyColor>
            <gravitationalMultiplier>98</gravitationalMultiplier>
            <orbitalDistance>119</orbitalDistance>
            <orbitalTheta>164</orbitalTheta>
            <orbitalPhi>-143</orbitalPhi>
            <retrograde>false</retrograde>
            <avgTemperature>239</avgTemperature>
            <rotationalPeriod>25113</rotationalPeriod>
            <atmosphereDensity>68</atmosphereDensity>
            <generateCraters>true</generateCraters>
            <generateCaves>false</generateCaves>
            <generateVolcanos>false</generateVolcanos>
            <generateStructures>false</generateStructures>
            <generateGeodes>false</generateGeodes>
            <seaLevel>62</seaLevel>
            <biomeIds>minecraft:mutated_plains;30,minecraft:mutated_desert;30,minecraft:mesa_clear_rock;30,minecraft:extreme_hills_with_trees;30,minecraft:stone_beach;30</biomeIds>
        </planet>
        <planet DIMID="21" name="Sol 21">
            <isKnown>false</isKnown>
            <fogColor>1.0,1.0,1.0</fogColor>
            <skyColor>0.8,0.7156034,0.0</skyColor>
            <gravitationalMultiplier>109</gravitationalMultiplier>
            <orbitalDistance>16</orbitalDistance>
            <orbitalTheta>201</orbitalTheta>
            <orbitalPhi>-191</orbitalPhi>
            <retrograde>false</retrograde>
            <avgTemperature>639</avgTemperature>
            <rotationalPeriod>18279</rotationalPeriod>
            <atmosphereDensity>18</atmosphereDensity>
            <generateCraters>true</generateCraters>
            <generateCaves>false</generateCaves>
            <generateVolcanos>true</generateVolcanos>
            <generateStructures>false</generateStructures>
            <generateGeodes>false</generateGeodes>
            <biomeIds>advancedrocketry:moon;30,advancedrocketry:moondark;30</biomeIds>
            <oceanBlock>minecraft:lava</oceanBlock>
        </planet>
        <planet DIMID="11" name="Sol 11">
            <isKnown>false</isKnown>
            <fogColor>1.0,1.0,1.0</fogColor>
            <skyColor>0.8,0.81112456,0.0</skyColor>
            <gravitationalMultiplier>89</gravitationalMultiplier>
            <orbitalDistance>32</orbitalDistance>
            <orbitalTheta>33</orbitalTheta>
            <orbitalPhi>228</orbitalPhi>
            <retrograde>false</retrograde>
            <avgTemperature>532</avgTemperature>
            <rotationalPeriod>33476</rotationalPeriod>
            <atmosphereDensity>120</atmosphereDensity>
            <generateCraters>false</generateCraters>
            <generateCaves>false</generateCaves>
            <generateVolcanos>true</generateVolcanos>
            <generateStructures>false</generateStructures>
            <generateGeodes>false</generateGeodes>
            <biomeIds>minecraft:desert;30,minecraft:jungle_hills;30,minecraft:desert_hills;30,minecraft:jungle;30,minecraft:savanna;30</biomeIds>
            <oceanBlock>minecraft:lava</oceanBlock>
        </planet>
        <planet DIMID="12" name="Sol 12">
            <isKnown>false</isKnown>
            <fogColor>1.0,1.0,1.0</fogColor>
            <skyColor>0.8,0.7108232,0.67104554</skyColor>
            <gravitationalMultiplier>119</gravitationalMultiplier>
            <orbitalDistance>76</orbitalDistance>
            <orbitalTheta>85</orbitalTheta>
            <orbitalPhi>-247</orbitalPhi>
            <retrograde>false</retrograde>
            <avgTemperature>308</avgTemperature>
            <rotationalPeriod>14063</rotationalPeriod>
            <atmosphereDensity>76</atmosphereDensity>
            <generateCraters>false</generateCraters>
            <generateCaves>false</generateCaves>
            <generateVolcanos>false</generateVolcanos>
            <generateStructures>true</generateStructures>
            <generateGeodes>false</generateGeodes>
            <biomeIds>advancedrocketry:crystalchasms;30,minecraft:beaches;30,minecraft:ice_flats;30,minecraft:mutated_swampland;30,minecraft:mutated_plains;30</biomeIds>
        </planet>
        <planet DIMID="13" name="Sol 13">
            <isKnown>false</isKnown>
            <fogColor>1.0,1.0,1.0</fogColor>
            <skyColor>0.8,0.79143107,0.91243315</skyColor>
            <gravitationalMultiplier>106</gravitationalMultiplier>
            <orbitalDistance>136</orbitalDistance>
            <orbitalTheta>296</orbitalTheta>
            <orbitalPhi>-285</orbitalPhi>
            <retrograde>false</retrograde>
            <avgTemperature>219</avgTemperature>
            <rotationalPeriod>19868</rotationalPeriod>
            <atmosphereDensity>5</atmosphereDensity>
            <generateCraters>true</generateCraters>
            <generateCaves>false</generateCaves>
            <generateVolcanos>false</generateVolcanos>
            <generateStructures>false</generateStructures>
            <generateGeodes>false</generateGeodes>
            <biomeIds>advancedrocketry:moon;30,advancedrocketry:moondark;30</biomeIds>
        </planet>
        <planet DIMID="14" name="Sol 14">
            <isKnown>false</isKnown>
            <fogColor>1.0,1.0,1.0</fogColor>
            <skyColor>0.8,0.95375997,0.6229044</skyColor>
            <gravitationalMultiplier>102</gravitationalMultiplier>
            <orbitalDistance>124</orbitalDistance>
            <orbitalTheta>252</orbitalTheta>
            <orbitalPhi>170</orbitalPhi>
            <retrograde>false</retrograde>
            <avgTemperature>301</avgTemperature>
            <rotationalPeriod>22286</rotationalPeriod>
            <atmosphereDensity>186</atmosphereDensity>
            <generateCraters>false</generateCraters>
            <generateCaves>false</generateCaves>
            <generateVolcanos>false</generateVolcanos>
            <generateStructures>true</generateStructures>
            <generateGeodes>true</generateGeodes>
            <seaLevel>79</seaLevel>
            <biomeIds>minecraft:mushroom_island;30,minecraft:mesa_clear_rock;30,minecraft:mesa_rock;30,minecraft:swampland;10,minecraft:mutated_redwood_taiga_hills;30</biomeIds>
            <planet DIMID="15" name="Sol 14: 0">
                <isKnown>false</isKnown>
                <fogColor>1.0,1.0,1.0</fogColor>
                <skyColor>0.8,0.8214257,1.0</skyColor>
                <gravitationalMultiplier>68</gravitationalMultiplier>
                <orbitalDistance>176</orbitalDistance>
                <orbitalTheta>146</orbitalTheta>
                <orbitalPhi>-421</orbitalPhi>
                <retrograde>false</retrograde>
                <avgTemperature>192</avgTemperature>
                <rotationalPeriod>76328</rotationalPeriod>
                <atmosphereDensity>14</atmosphereDensity>
                <generateCraters>true</generateCraters>
                <generateCaves>false</generateCaves>
                <generateVolcanos>false</generateVolcanos>
                <generateStructures>false</generateStructures>
                <generateGeodes>false</generateGeodes>
                <biomeIds>advancedrocketry:moon;30,advancedrocketry:moondark;30</biomeIds>
            </planet>
        </planet>
    </star>
    <star blackHole="false" name="Wolf 12" numGasGiants="0" numPlanets="0" size="1.0" temp="10" x="300" y="-200">
        <planet DIMID="35" name="Wolf 12 35">
            <isKnown>false</isKnown>
            <fogColor>1.0,1.0,1.0</fogColor>
            <skyColor>0.54636216,0.5218977,1.0</skyColor>
            <gravitationalMultiplier>94</gravitationalMultiplier>
            <orbitalDistance>11</orbitalDistance>
            <orbitalTheta>183</orbitalTheta>
            <orbitalPhi>-312</orbitalPhi>
            <retrograde>false</retrograde>
            <avgTemperature>87</avgTemperature>
            <rotationalPeriod>28439</rotationalPeriod>
            <atmosphereDensity>102</atmosphereDensity>
            <generateCraters>false</generateCraters>
            <generateCaves>false</generateCaves>
            <generateVolcanos>false</generateVolcanos>
            <generateStructures>false</generateStructures>
            <generateGeodes>false</generateGeodes>
            <seaLevel>69</seaLevel>
            <biomeIds>minecraft:jungle_hills;30,minecraft:mutated_jungle_edge;30,minecraft:mutated_jungle;30,minecraft:ocean;30,minecraft:mutated_extreme_hills_with_trees;30</biomeIds>
        </planet>
        <planet DIMID="22" name="Wolf 12 22">
            <isKnown>false</isKnown>
            <fogColor>1.0,1.0,1.0</fogColor>
            <skyColor>0.5287988,0.6019866,1.0</skyColor>
            <gravitationalMultiplier>130</gravitationalMultiplier>
            <orbitalDistance>17</orbitalDistance>
            <orbitalTheta>27</orbitalTheta>
            <orbitalPhi>-119</orbitalPhi>
            <retrograde>false</retrograde>
            <avgTemperature>82</avgTemperature>
            <rotationalPeriod>10923</rotationalPeriod>
            <atmosphereDensity>199</atmosphereDensity>
            <generateCraters>false</generateCraters>
            <generateCaves>false</generateCaves>
            <generateVolcanos>false</generateVolcanos>
            <generateStructures>false</generateStructures>
            <generateGeodes>true</generateGeodes>
            <biomeIds>minecraft:jungle_hills;30,minecraft:forest;10,minecraft:smaller_extreme_hills;30,minecraft:jungle;30,advancedrocketry:crystalchasms;30</biomeIds>
            <planet DIMID="23" name="Wolf 12 22: 0">
                <isKnown>false</isKnown>
                <fogColor>1.0,1.0,1.0</fogColor>
                <skyColor>0.33643526,0.9114741,1.0</skyColor>
                <gravitationalMultiplier>45</gravitationalMultiplier>
                <orbitalDistance>189</orbitalDistance>
                <orbitalTheta>236</orbitalTheta>
                <orbitalPhi>-607</orbitalPhi>
                <retrograde>false</retrograde>
                <avgTemperature>18</avgTemperature>
                <rotationalPeriod>263374</rotationalPeriod>
                <atmosphereDensity>33</atmosphereDensity>
                <generateCraters>true</generateCraters>
                <generateCaves>false</generateCaves>
                <generateVolcanos>false</generateVolcanos>
                <generateStructures>false</generateStructures>
                <generateGeodes>false</generateGeodes>
                <biomeIds>minecraft:mesa;30,advancedrocketry:volcanicbarren;30,minecraft:mutated_mesa_clear_rock;30,minecraft:jungle;30,advancedrocketry:crystalchasms;30</biomeIds>
            </planet>
            <planet DIMID="24" name="Wolf 12 22: 1">
                <isKnown>false</isKnown>
                <fogColor>1.0,1.0,1.0</fogColor>
                <skyColor>0.26764643,0.87808084,1.0</skyColor>
                <gravitationalMultiplier>78</gravitationalMultiplier>
                <orbitalDistance>179</orbitalDistance>
                <orbitalTheta>142</orbitalTheta>
                <orbitalPhi>-150</orbitalPhi>
                <retrograde>false</retrograde>
                <avgTemperature>19</avgTemperature>
                <rotationalPeriod>50574</rotationalPeriod>
                <atmosphereDensity>21</atmosphereDensity>
                <generateCraters>true</generateCraters>
                <generateCaves>false</generateCaves>
                <generateVolcanos>false</generateVolcanos>
                <generateStructures>false</generateStructures>
                <generateGeodes>false</generateGeodes>
                <biomeIds>advancedrocketry:moon;30,advancedrocketry:moondark;30</biomeIds>
            </planet>
            <planet DIMID="25" name="Wolf 12 22: 2">
                <isKnown>false</isKnown>
                <fogColor>1.0,1.0,1.0</fogColor>
                <skyColor>0.31464034,0.62813747,1.0</skyColor>
                <gravitationalMultiplier>45</gravitationalMultiplier>
                <orbitalDistance>194</orbitalDistance>
                <orbitalTheta>289</orbitalTheta>
                <orbitalPhi>236</orbitalPhi>
                <retrograde>false</retrograde>
                <avgTemperature>18</avgTemperature>
                <rotationalPeriod>263374</rotationalPeriod>
                <atmosphereDensity>18</atmosphereDensity>
                <generateCraters>true</generateCraters>
                <generateCaves>false</generateCaves>
                <generateVolcanos>false</generateVolcanos>
                <generateStructures>false</generateStructures>
                <generateGeodes>false</generateGeodes>
                <biomeIds>advancedrocketry:moon;30,advancedrocketry:moondark;30</biomeIds>
            </planet>
        </planet>
        <planet DIMID="26" name="Wolf 12 26">
            <isKnown>false</isKnown>
            <fogColor>1.0,1.0,1.0</fogColor>
            <skyColor>0.38970685,0.8946508,1.0</skyColor>
            <gravitationalMultiplier>130</gravitationalMultiplier>
            <orbitalDistance>77</orbitalDistance>
            <orbitalTheta>267</orbitalTheta>
            <orbitalPhi>-388</orbitalPhi>
            <retrograde>false</retrograde>
            <avgTemperature>31</avgTemperature>
            <rotationalPeriod>10923</rotationalPeriod>
            <atmosphereDensity>85</atmosphereDensity>
            <generateCraters>false</generateCraters>
            <generateCaves>false</generateCaves>
            <generateVolcanos>false</generateVolcanos>
            <generateStructures>false</generateStructures>
            <generateGeodes>false</generateGeodes>
            <biomeIds>advancedrocketry:marsh;30,minecraft:mutated_forest;30,minecraft:mesa_rock;30,minecraft:mutated_jungle;30,minecraft:swampland;10</biomeIds>
            <planet DIMID="27" name="Wolf 12 26: 0">
                <isKnown>false</isKnown>
                <fogColor>1.0,1.0,1.0</fogColor>
                <skyColor>0.29943073,0.5687679,1.0</skyColor>
                <gravitationalMultiplier>69</gravitationalMultiplier>
                <orbitalDistance>126</orbitalDistance>
                <orbitalTheta>356</orbitalTheta>
                <orbitalPhi>-289</orbitalPhi>
                <retrograde>false</retrograde>
                <avgTemperature>22</avgTemperature>
                <rotationalPeriod>73057</rotationalPeriod>
                <atmosphereDensity>21</atmosphereDensity>
                <generateCraters>true</generateCraters>
                <generateCaves>false</generateCaves>
                <generateVolcanos>false</generateVolcanos>
                <generateStructures>false</generateStructures>
                <generateGeodes>false</generateGeodes>
                <biomeIds>advancedrocketry:moon;30,advancedrocketry:moondark;30</biomeIds>
            </planet>
            <planet DIMID="28" name="Wolf 12 26: 1">
                <isKnown>false</isKnown>
                <fogColor>1.0,1.0,1.0</fogColor>
                <skyColor>0.3104689,0.6044442,1.0</skyColor>
                <gravitationalMultiplier>51</gravitationalMultiplier>
                <orbitalDistance>186</orbitalDistance>
                <orbitalTheta>351</orbitalTheta>
                <orbitalPhi>103</orbitalPhi>
                <retrograde>false</retrograde>
                <avgTemperature>18</avgTemperature>
                <rotationalPeriod>180925</rotationalPeriod>
                <atmosphereDensity>19</atmosphereDensity>
                <generateCraters>true</generateCraters>
                <generateCaves>false</generateCaves>
                <generateVolcanos>false</generateVolcanos>
                <generateStructures>false</generateStructures>
                <generateGeodes>false</generateGeodes>
                <seaLevel>59</seaLevel>
                <biomeIds>advancedrocketry:moon;30,advancedrocketry:moondark;30</biomeIds>
            </planet>
        </planet>
        <planet DIMID="29" name="Wolf 12 29">
            <isKnown>false</isKnown>
            <fogColor>1.0,1.0,1.0</fogColor>
            <skyColor>0.30454177,0.74334806,1.0</skyColor>
            <gravitationalMultiplier>130</gravitationalMultiplier>
            <orbitalDistance>210</orbitalDistance>
            <orbitalTheta>264</orbitalTheta>
            <orbitalPhi>66</orbitalPhi>
            <retrograde>false</retrograde>
            <avgTemperature>17</avgTemperature>
            <rotationalPeriod>10923</rotationalPeriod>
            <atmosphereDensity>56</atmosphereDensity>
            <generateCraters>true</generateCraters>
            <generateCaves>false</generateCaves>
            <generateVolcanos>false</generateVolcanos>
            <generateStructures>false</generateStructures>
            <generateGeodes>false</generateGeodes>
            <biomeIds>minecraft:mutated_plains;30,minecraft:mutated_forest;30,minecraft:forest_hills;30,minecraft:mesa_rock;30,advancedrocketry:crystalchasms;30</biomeIds>
            <planet DIMID="30" name="Wolf 12 29: 0">
                <isKnown>false</isKnown>
                <hasRings>true</hasRings>
                <ringColor>0.3096382,0.9980958,1.0</ringColor>
                <fogColor>1.0,1.0,1.0</fogColor>
                <skyColor>0.3096382,0.9980958,1.0</skyColor>
                <gravitationalMultiplier>79</gravitationalMultiplier>
                <orbitalDistance>131</orbitalDistance>
                <orbitalTheta>20</orbitalTheta>
                <orbitalPhi>-694</orbitalPhi>
                <retrograde>false</retrograde>
                <avgTemperature>22</avgTemperature>
                <rotationalPeriod>48677</rotationalPeriod>
                <atmosphereDensity>34</atmosphereDensity>
                <generateCraters>true</generateCraters>
                <generateCaves>false</generateCaves>
                <generateVolcanos>false</generateVolcanos>
                <generateStructures>false</generateStructures>
                <generateGeodes>false</generateGeodes>
                <biomeIds>minecraft:mesa_clear_rock;30,minecraft:mutated_mesa;30,minecraft:mutated_forest;30,minecraft:forest_hills;30,minecraft:mutated_jungle_edge;30</biomeIds>
            </planet>
        </planet>
        <planet DIMID="31" name="Wolf 12 31">
            <isKnown>false</isKnown>
            <fogColor>1.0,1.0,1.0</fogColor>
            <skyColor>0.40471148,0.77376324,1.0</skyColor>
            <gravitationalMultiplier>106</gravitationalMultiplier>
            <orbitalDistance>89</orbitalDistance>
            <orbitalTheta>252</orbitalTheta>
            <orbitalPhi>90</orbitalPhi>
            <retrograde>false</retrograde>
            <avgTemperature>32</avgTemperature>
            <rotationalPeriod>19868</rotationalPeriod>
            <atmosphereDensity>130</atmosphereDensity>
            <generateCraters>false</generateCraters>
            <generateCaves>false</generateCaves>
            <generateVolcanos>false</generateVolcanos>
            <generateStructures>false</generateStructures>
            <generateGeodes>true</generateGeodes>
            <biomeIds>minecraft:beaches;30,minecraft:mutated_birch_forest;30,minecraft:mutated_savanna_rock;30,minecraft:swampland;10,minecraft:mesa;30</biomeIds>
            <planet DIMID="32" name="Wolf 12 31: 0">
                <isKnown>false</isKnown>
                <fogColor>1.0,1.0,1.0</fogColor>
                <skyColor>0.35098958,0.7400218,1.0</skyColor>
                <gravitationalMultiplier>62</gravitationalMultiplier>
                <orbitalDistance>163</orbitalDistance>
                <orbitalTheta>307</orbitalTheta>
                <orbitalPhi>18</orbitalPhi>
                <retrograde>false</retrograde>
                <avgTemperature>20</avgTemperature>
                <rotationalPeriod>100701</rotationalPeriod>
                <atmosphereDensity>24</atmosphereDensity>
                <generateCraters>true</generateCraters>
                <generateCaves>false</generateCaves>
                <generateVolcanos>false</generateVolcanos>
                <generateStructures>false</generateStructures>
                <generateGeodes>false</generateGeodes>
                <biomeIds>advancedrocketry:moon;30,advancedrocketry:moondark;30</biomeIds>
            </planet>
            <planet DIMID="33" name="Wolf 12 31: 1">
                <isKnown>false</isKnown>
                <fogColor>1.0,1.0,1.0</fogColor>
                <skyColor>0.2837088,0.8181326,1.0</skyColor>
                <gravitationalMultiplier>56</gravitationalMultiplier>
                <orbitalDistance>191</orbitalDistance>
                <orbitalTheta>31</orbitalTheta>
                <orbitalPhi>-203</orbitalPhi>
                <retrograde>false</retrograde>
                <avgTemperature>18</avgTemperature>
                <rotationalPeriod>136661</rotationalPeriod>
                <atmosphereDensity>24</atmosphereDensity>
                <generateCraters>true</generateCraters>
                <generateCaves>false</generateCaves>
                <generateVolcanos>false</generateVolcanos>
                <generateStructures>false</generateStructures>
                <generateGeodes>false</generateGeodes>
                <biomeIds>advancedrocketry:moon;30,advancedrocketry:moondark;30</biomeIds>
            </planet>
            <planet DIMID="34" name="Wolf 12 31: 2">
                <isKnown>false</isKnown>
                <fogColor>1.0,1.0,1.0</fogColor>
                <skyColor>0.3155939,0.9846263,1.0</skyColor>
                <gravitationalMultiplier>58</gravitationalMultiplier>
                <orbitalDistance>154</orbitalDistance>
                <orbitalTheta>224</orbitalTheta>
                <orbitalPhi>-144</orbitalPhi>
                <retrograde>false</retrograde>
                <avgTemperature>20</avgTemperature>
                <rotationalPeriod>123006</rotationalPeriod>
                <atmosphereDensity>23</atmosphereDensity>
                <generateCraters>true</generateCraters>
                <generateCaves>false</generateCaves>
                <generateVolcanos>false</generateVolcanos>
                <generateStructures>false</generateStructures>
                <generateGeodes>false</generateGeodes>
                <biomeIds>advancedrocketry:moon;30,advancedrocketry:moondark;30</biomeIds>
            </planet>
        </planet>
    </star>
    <star blackHole="false" name="Epsilon ire" numGasGiants="0" numPlanets="0" size="1.0" temp="170" x="-200" y="80">
        <planet DIMID="48" name="Epsilon ire 48">
            <isKnown>false</isKnown>
            <fogColor>1.0,1.0,1.0</fogColor>
            <skyColor>0.8,0.63801384,0.0</skyColor>
            <gravitationalMultiplier>128</gravitationalMultiplier>
            <orbitalDistance>114</orbitalDistance>
            <orbitalTheta>293</orbitalTheta>
            <orbitalPhi>-167</orbitalPhi>
            <retrograde>false</retrograde>
            <avgTemperature>550</avgTemperature>
            <rotationalPeriod>11311</rotationalPeriod>
            <atmosphereDensity>208</atmosphereDensity>
            <generateCraters>false</generateCraters>
            <generateCaves>false</generateCaves>
            <generateVolcanos>true</generateVolcanos>
            <generateStructures>false</generateStructures>
            <generateGeodes>true</generateGeodes>
            <biomeIds>minecraft:mutated_mesa_rock;30,advancedrocketry:marsh;30,minecraft:mutated_mesa;30,minecraft:mutated_desert;30,advancedrocketry:oceanspires;30</biomeIds>
            <planet DIMID="49" name="Epsilon ire 48: 0">
                <isKnown>false</isKnown>
                <fogColor>1.0,1.0,1.0</fogColor>
                <skyColor>0.8,0.5909642,0.61448157</skyColor>
                <gravitationalMultiplier>71</gravitationalMultiplier>
                <orbitalDistance>188</orbitalDistance>
                <orbitalTheta>283</orbitalTheta>
                <orbitalPhi>45</orbitalPhi>
                <retrograde>false</retrograde>
                <avgTemperature>317</avgTemperature>
                <rotationalPeriod>67055</rotationalPeriod>
                <atmosphereDensity>34</atmosphereDensity>
                <generateCraters>true</generateCraters>
                <generateCaves>false</generateCaves>
                <generateVolcanos>false</generateVolcanos>
                <generateStructures>false</generateStructures>
                <generateGeodes>false</generateGeodes>
                <biomeIds>advancedrocketry:oceanspires;30,minecraft:mesa_rock;30,minecraft:forest;10,minecraft:birch_forest_hills;30,minecraft:mutated_forest;30</biomeIds>
            </planet>
            <planet DIMID="50" name="Epsilon ire 48: 1">
                <isKnown>false</isKnown>
                <fogColor>1.0,1.0,1.0</fogColor>
                <skyColor>0.8,0.5409977,0.66664577</skyColor>
                <gravitationalMultiplier>54</gravitationalMultiplier>
                <orbitalDistance>198</orbitalDistance>
                <orbitalTheta>71</orbitalTheta>
                <orbitalPhi>-109</orbitalPhi>
                <retrograde>false</retrograde>
                <avgTemperature>309</avgTemperature>
                <rotationalPeriod>152415</rotationalPeriod>
                <atmosphereDensity>25</atmosphereDensity>
                <generateCraters>true</generateCraters>
                <generateCaves>false</generateCaves>
                <generateVolcanos>false</generateVolcanos>
                <generateStructures>false</generateStructures>
                <generateGeodes>false</generateGeodes>
                <biomeIds>advancedrocketry:moon;30,advancedrocketry:moondark;30</biomeIds>
            </planet>
            <planet DIMID="51" name="Epsilon ire 48: 2">
                <isKnown>false</isKnown>
                <fogColor>1.0,1.0,1.0</fogColor>
                <skyColor>0.8,0.91141623,0.519387</skyColor>
                <gravitationalMultiplier>82</gravitationalMultiplier>
                <orbitalDistance>154</orbitalDistance>
                <orbitalTheta>335</orbitalTheta>
                <orbitalPhi>54</orbitalPhi>
                <retrograde>false</retrograde>
                <avgTemperature>350</avgTemperature>
                <rotationalPeriod>43528</rotationalPeriod>
                <atmosphereDensity>34</atmosphereDensity>
                <generateCraters>true</generateCraters>
                <generateCaves>false</generateCaves>
                <generateVolcanos>false</generateVolcanos>
                <generateStructures>false</generateStructures>
                <generateGeodes>false</generateGeodes>
                <biomeIds>advancedrocketry:volcanicbarren;30</biomeIds>
            </planet>
            <oceanBlock>minecraft:lava</oceanBlock>
        </planet>
        <planet DIMID="36" name="Epsilon ire 36">
            <isKnown>false</isKnown>
            <fogColor>1.0,1.0,1.0</fogColor>
            <skyColor>0.8,0.5680481,0.0</skyColor>
            <gravitationalMultiplier>130</gravitationalMultiplier>
            <orbitalDistance>56</orbitalDistance>
            <orbitalTheta>210</orbitalTheta>
            <orbitalPhi>-398</orbitalPhi>
            <retrograde>false</retrograde>
            <avgTemperature>768</avgTemperature>
            <rotationalPeriod>10923</rotationalPeriod>
            <atmosphereDensity>191</atmosphereDensity>
            <generateCraters>false</generateCraters>
            <generateCaves>false</generateCaves>
            <generateVolcanos>true</generateVolcanos>
            <generateStructures>false</generateStructures>
            <generateGeodes>true</generateGeodes>
            <seaLevel>72</seaLevel>
            <biomeIds>minecraft:mutated_jungle_edge;30,advancedrocketry:oceanspires;30,minecraft:jungle;30,minecraft:mutated_jungle;30,advancedrocketry:marsh;30</biomeIds>
            <planet DIMID="37" name="Epsilon ire 36: 0">
                <isKnown>false</isKnown>
                <fogColor>1.0,1.0,1.0</fogColor>
                <skyColor>0.8,0.5248494,0.46310556</skyColor>
                <gravitationalMultiplier>57</gravitationalMultiplier>
                <orbitalDistance>137</orbitalDistance>
                <orbitalTheta>220</orbitalTheta>
                <orbitalPhi>94</orbitalPhi>
                <retrograde>false</retrograde>
                <avgTemperature>371</avgTemperature>
                <rotationalPeriod>129594</rotationalPeriod>
                <atmosphereDensity>17</atmosphereDensity>
                <generateCraters>true</generateCraters>
                <generateCaves>false</generateCaves>
                <generateVolcanos>false</generateVolcanos>
                <generateStructures>false</generateStructures>
                <generateGeodes>false</generateGeodes>
                <biomeIds>advancedrocketry:moon;30,advancedrocketry:moondark;30</biomeIds>
            </planet>
            <planet DIMID="38" name="Epsilon ire 36: 1">
                <isKnown>false</isKnown>
                <fogColor>1.0,1.0,1.0</fogColor>
                <skyColor>0.8,0.71914536,0.4051872</skyColor>
                <gravitationalMultiplier>70</gravitationalMultiplier>
                <orbitalDistance>143</orbitalDistance>
                <orbitalTheta>168</orbitalTheta>
                <orbitalPhi>-126</orbitalPhi>
                <retrograde>false</retrograde>
                <avgTemperature>363</avgTemperature>
                <rotationalPeriod>69970</rotationalPeriod>
                <atmosphereDensity>14</atmosphereDensity>
                <generateCraters>true</generateCraters>
                <generateCaves>false</generateCaves>
                <generateVolcanos>false</generateVolcanos>
                <generateStructures>false</generateStructures>
                <generateGeodes>false</generateGeodes>
                <biomeIds>advancedrocketry:moon;30,advancedrocketry:moondark;30</biomeIds>
            </planet>
            <planet DIMID="39" name="Epsilon ire 36: 2">
                <isKnown>false</isKnown>
                <fogColor>1.0,1.0,1.0</fogColor>
                <skyColor>0.8,0.73328924,0.37426448</skyColor>
                <gravitationalMultiplier>62</gravitationalMultiplier>
                <orbitalDistance>125</orbitalDistance>
                <orbitalTheta>143</orbitalTheta>
                <orbitalPhi>39</orbitalPhi>
                <retrograde>false</retrograde>
                <avgTemperature>389</avgTemperature>
                <rotationalPeriod>100701</rotationalPeriod>
                <atmosphereDensity>26</atmosphereDensity>
                <generateCraters>true</generateCraters>
                <generateCaves>false</generateCaves>
                <generateVolcanos>false</generateVolcanos>
                <generateStructures>false</generateStructures>
                <generateGeodes>false</generateGeodes>
                <biomeIds>minecraft:mutated_jungle;30,minecraft:jungle_edge;30,minecraft:mutated_birch_forest;30,minecraft:beaches;30,minecraft:mutated_extreme_hills_with_trees;30</biomeIds>
            </planet>
            <oceanBlock>minecraft:lava</oceanBlock>
        </planet>
        <planet DIMID="40" name="Epsilon ire 40">
            <isKnown>false</isKnown>
            <fogColor>1.0,1.0,1.0</fogColor>
            <skyColor>0.8,0.5122329,0.0</skyColor>
            <gravitationalMultiplier>109</gravitationalMultiplier>
            <orbitalDistance>109</orbitalDistance>
            <orbitalTheta>227</orbitalTheta>
            <orbitalPhi>-202</orbitalPhi>
            <retrograde>false</retrograde>
            <avgTemperature>510</avgTemperature>
            <rotationalPeriod>18279</rotationalPeriod>
            <atmosphereDensity>141</atmosphereDensity>
            <generateCraters>false</generateCraters>
            <generateCaves>false</generateCaves>
            <generateVolcanos>true</generateVolcanos>
            <generateStructures>false</generateStructures>
            <generateGeodes>true</generateGeodes>
            <biomeIds>advancedrocketry:marsh;30,advancedrocketry:volcanicbarren;30,minecraft:jungle;30,minecraft:mutated_mesa_rock;30,minecraft:desert;30</biomeIds>
            <planet DIMID="41" name="Epsilon ire 40: 0">
                <isKnown>false</isKnown>
                <fogColor>1.0,1.0,1.0</fogColor>
                <skyColor>0.8,0.64240515,0.48987108</skyColor>
                <gravitationalMultiplier>37</gravitationalMultiplier>
                <orbitalDistance>157</orbitalDistance>
                <orbitalTheta>101</orbitalTheta>
                <orbitalPhi>351</orbitalPhi>
                <retrograde>false</retrograde>
                <avgTemperature>347</avgTemperature>
                <rotationalPeriod>473812</rotationalPeriod>
                <atmosphereDensity>23</atmosphereDensity>
                <generateCraters>true</generateCraters>
                <generateCaves>false</generateCaves>
                <generateVolcanos>false</generateVolcanos>
                <generateStructures>false</generateStructures>
                <generateGeodes>false</generateGeodes>
                <biomeIds>advancedrocketry:moon;30,advancedrocketry:moondark;30</biomeIds>
            </planet>
            <planet DIMID="42" name="Epsilon ire 40: 1">
                <isKnown>false</isKnown>
                <fogColor>1.0,1.0,1.0</fogColor>
                <skyColor>0.8,0.7404129,0.37284118</skyColor>
                <gravitationalMultiplier>60</gravitationalMultiplier>
                <orbitalDistance>132</orbitalDistance>
                <orbitalTheta>200</orbitalTheta>
                <orbitalPhi>-123</orbitalPhi>
                <retrograde>false</retrograde>
                <avgTemperature>378</avgTemperature>
                <rotationalPeriod>111111</rotationalPeriod>
                <atmosphereDensity>33</atmosphereDensity>
                <generateCraters>true</generateCraters>
                <generateCaves>false</generateCaves>
                <generateVolcanos>false</generateVolcanos>
                <generateStructures>false</generateStructures>
                <generateGeodes>false</generateGeodes>
                <biomeIds>minecraft:savanna_rock;30,minecraft:ocean;30,minecraft:jungle_hills;30,minecraft:ocean;30,minecraft:deep_ocean;30</biomeIds>
            </planet>
            <planet DIMID="43" name="Epsilon ire 40: 2">
                <isKnown>false</isKnown>
                <fogColor>1.0,1.0,1.0</fogColor>
                <skyColor>0.8,0.7402439,0.32436043</skyColor>
                <gravitationalMultiplier>47</gravitationalMultiplier>
                <orbitalDistance>115</orbitalDistance>
                <orbitalTheta>105</orbitalTheta>
                <orbitalPhi>61</orbitalPhi>
                <retrograde>false</retrograde>
                <avgTemperature>405</avgTemperature>
                <rotationalPeriod>231162</rotationalPeriod>
                <atmosphereDensity>30</atmosphereDensity>
                <generateCraters>true</generateCraters>
                <generateCaves>false</generateCaves>
                <generateVolcanos>false</generateVolcanos>
                <generateStructures>false</generateStructures>
                <generateGeodes>false</generateGeodes>
                <biomeIds>minecraft:beaches;30,minecraft:mesa_rock;30,minecraft:mesa_clear_rock;30,minecraft:desert;30,minecraft:mutated_desert;30</biomeIds>
            </planet>
            <oceanBlock>minecraft:lava</oceanBlock>
        </planet>
        <planet DIMID="44" name="Epsilon ire 44">
            <isKnown>false</isKnown>
            <fogColor>1.0,1.0,1.0</fogColor>
            <skyColor>0.8,0.9822888,0.59874904</skyColor>
            <gravitationalMultiplier>87</gravitationalMultiplier>
            <orbitalDistance>207</orbitalDistance>
            <orbitalTheta>77</orbitalTheta>
            <orbitalPhi>-191</orbitalPhi>
            <retrograde>false</retrograde>
            <avgTemperature>302</avgTemperature>
            <rotationalPeriod>35825</rotationalPeriod>
            <atmosphereDensity>30</atmosphereDensity>
            <generateCraters>true</generateCraters>
            <generateCaves>false</generateCaves>
            <generateVolcanos>false</generateVolcanos>
            <generateStructures>false</generateStructures>
            <generateGeodes>false</generateGeodes>
            <biomeIds>minecraft:extreme_hills;10</biomeIds>
        </planet>
        <planet DIMID="45" name="Epsilon ire 45">
            <isKnown>false</isKnown>
            <fogColor>1.0,1.0,1.0</fogColor>
            <skyColor>0.8,0.64382315,0.0</skyColor>
            <gravitationalMultiplier>99</gravitationalMultiplier>
            <orbitalDistance>93</orbitalDistance>
            <orbitalTheta>358</orbitalTheta>
            <orbitalPhi>126</orbitalPhi>
            <retrograde>false</retrograde>
            <avgTemperature>578</avgTemperature>
            <rotationalPeriod>24363</rotationalPeriod>
            <atmosphereDensity>169</atmosphereDensity>
            <generateCraters>false</generateCraters>
            <generateCaves>false</generateCaves>
            <generateVolcanos>true</generateVolcanos>
            <generateStructures>false</generateStructures>
            <generateGeodes>true</generateGeodes>
            <biomeIds>minecraft:jungle_hills;30,advancedrocketry:marsh;30,minecraft:mutated_jungle_edge;30,advancedrocketry:oceanspires;30,minecraft:savanna;30</biomeIds>
            <oceanBlock>minecraft:lava</oceanBlock>
        </planet>
        <planet DIMID="46" name="Epsilon ire 46">
            <isKnown>false</isKnown>
            <fogColor>1.0,1.0,1.0</fogColor>
            <skyColor>0.8,0.6836986,0.0</skyColor>
            <gravitationalMultiplier>89</gravitationalMultiplier>
            <orbitalDistance>85</orbitalDistance>
            <orbitalTheta>58</orbitalTheta>
            <orbitalPhi>-269</orbitalPhi>
            <retrograde>false</retrograde>
            <avgTemperature>583</avgTemperature>
            <rotationalPeriod>33476</rotationalPeriod>
            <atmosphereDensity>146</atmosphereDensity>
            <generateCraters>false</generateCraters>
            <generateCaves>false</generateCaves>
            <generateVolcanos>true</generateVolcanos>
            <generateStructures>false</generateStructures>
            <generateGeodes>true</generateGeodes>
            <biomeIds>minecraft:mutated_jungle_edge;30,minecraft:mutated_savanna_rock;30,advancedrocketry:oceanspires;30,minecraft:mutated_desert;30,minecraft:jungle_hills;30</biomeIds>
            <oceanBlock>minecraft:lava</oceanBlock>
        </planet>
        <planet DIMID="47" name="Epsilon ire 47">
            <isKnown>false</isKnown>
            <fogColor>1.0,1.0,1.0</fogColor>
            <skyColor>0.8,0.5132512,0.3552695</skyColor>
            <gravitationalMultiplier>114</gravitationalMultiplier>
            <orbitalDistance>130</orbitalDistance>
            <orbitalTheta>198</orbitalTheta>
            <orbitalPhi>14</orbitalPhi>
            <retrograde>false</retrograde>
            <avgTemperature>381</avgTemperature>
            <rotationalPeriod>15988</rotationalPeriod>
            <atmosphereDensity>12</atmosphereDensity>
            <generateCraters>true</generateCraters>
            <generateCaves>false</generateCaves>
            <generateVolcanos>false</generateVolcanos>
            <generateStructures>false</generateStructures>
            <generateGeodes>false</generateGeodes>
            <biomeIds>advancedrocketry:moon;30,advancedrocketry:moondark;30</biomeIds>
        </planet>
    </star>
    <star blackHole="false" name="Proxima Centaurs" numGasGiants="0" numPlanets="0" size="1.0" temp="200" x="-150" y="250">
        <planet DIMID="52" name="Proxima Centaurs 52">
            <isKnown>false</isKnown>
            <fogColor>1.0,1.0,1.0</fogColor>
            <skyColor>0.8,0.71930885,0.0</skyColor>
            <gravitationalMultiplier>120</gravitationalMultiplier>
            <orbitalDistance>19</orbitalDistance>
            <orbitalTheta>311</orbitalTheta>
            <orbitalPhi>-270</orbitalPhi>
            <retrograde>false</retrograde>
            <avgTemperature>1572</avgTemperature>
            <rotationalPeriod>13716</rotationalPeriod>
            <atmosphereDensity>201</atmosphereDensity>
            <generateCraters>false</generateCraters>
            <generateCaves>false</generateCaves>
            <generateVolcanos>true</generateVolcanos>
            <generateStructures>false</generateStructures>
            <generateGeodes>true</generateGeodes>
            <biomeIds>minecraft:mutated_jungle_edge;30,minecraft:jungle_hills;30,minecraft:jungle;30,minecraft:mutated_mesa_clear_rock;30,advancedrocketry:oceanspires;30</biomeIds>
            <planet DIMID="53" name="Proxima Centaurs 52: 0">
                <isKnown>false</isKnown>
                <fogColor>1.0,1.0,1.0</fogColor>
                <skyColor>0.8,0.6529614,0.0</skyColor>
                <gravitationalMultiplier>67</gravitationalMultiplier>
                <orbitalDistance>105</orbitalDistance>
                <orbitalTheta>153</orbitalTheta>
                <orbitalPhi>-253</orbitalPhi>
                <retrograde>false</retrograde>
                <avgTemperature>499</avgTemperature>
                <rotationalPeriod>79797</rotationalPeriod>
                <atmosphereDensity>22</atmosphereDensity>
                <generateCraters>true</generateCraters>
                <generateCaves>false</generateCaves>
                <generateVolcanos>true</generateVolcanos>
                <generateStructures>false</generateStructures>
                <generateGeodes>false</generateGeodes>
                <biomeIds>advancedrocketry:moon;30,advancedrocketry:moondark;30</biomeIds>
                <oceanBlock>minecraft:lava</oceanBlock>
            </planet>
            <planet DIMID="54" name="Proxima Centaurs 52: 1">
                <isKnown>false</isKnown>
                <fogColor>1.0,1.0,1.0</fogColor>
                <skyColor>0.8,0.7234474,0.1357817</skyColor>
                <gravitationalMultiplier>69</gravitationalMultiplier>
                <orbitalDistance>133</orbitalDistance>
                <orbitalTheta>219</orbitalTheta>
                <orbitalPhi>-116</orbitalPhi>
                <retrograde>false</retrograde>
                <avgTemperature>443</avgTemperature>
                <rotationalPeriod>73057</rotationalPeriod>
                <atmosphereDensity>27</atmosphereDensity>
                <generateCraters>true</generateCraters>
                <generateCaves>false</generateCaves>
                <generateVolcanos>false</generateVolcanos>
                <generateStructures>false</generateStructures>
                <generateGeodes>false</generateGeodes>
                <biomeIds>minecraft:mutated_desert;30,advancedrocketry:oceanspires;30,minecraft:mutated_extreme_hills_with_trees;30,minecraft:mutated_mesa_rock;30,minecraft:mesa;30</biomeIds>
            </planet>
            <planet DIMID="55" name="Proxima Centaurs 52: 2">
                <isKnown>false</isKnown>
                <fogColor>1.0,1.0,1.0</fogColor>
                <skyColor>0.8,0.99140775,0.13829392</skyColor>
                <gravitationalMultiplier>72</gravitationalMultiplier>
                <orbitalDistance>127</orbitalDistance>
                <orbitalTheta>269</orbitalTheta>
                <orbitalPhi>-251</orbitalPhi>
                <retrograde>false</retrograde>
                <avgTemperature>454</avgTemperature>
                <rotationalPeriod>64300</rotationalPeriod>
                <atmosphereDensity>23</atmosphereDensity>
                <generateCraters>true</generateCraters>
                <generateCaves>false</generateCaves>
                <generateVolcanos>true</generateVolcanos>
                <generateStructures>false</generateStructures>
                <generateGeodes>false</generateGeodes>
                <biomeIds>advancedrocketry:moon;30,advancedrocketry:moondark;30</biomeIds>
                <oceanBlock>minecraft:lava</oceanBlock>
            </planet>
            <oceanBlock>minecraft:lava</oceanBlock>
        </planet>
        <planet DIMID="56" name="Proxima Centaurs 56">
            <isKnown>false</isKnown>
            <fogColor>1.0,1.0,1.0</fogColor>
            <skyColor>0.8,0.87619936,0.0</skyColor>
            <gravitationalMultiplier>130</gravitationalMultiplier>
            <orbitalDistance>86</orbitalDistance>
            <orbitalTheta>137</orbitalTheta>
            <orbitalPhi>-251</orbitalPhi>
            <retrograde>false</retrograde>
            <avgTemperature>551</avgTemperature>
            <rotationalPeriod>10923</rotationalPeriod>
            <atmosphereDensity>53</atmosphereDensity>
            <generateCraters>true</generateCraters>
            <generateCaves>false</generateCaves>
            <generateVolcanos>true</generateVolcanos>
            <generateStructures>false</generateStructures>
            <generateGeodes>false</generateGeodes>
            <biomeIds>minecraft:jungle_edge;30,minecraft:ocean;30,minecraft:mutated_mesa;30,minecraft:deep_ocean;30,minecraft:mutated_mesa_clear_rock;30</biomeIds>
            <planet DIMID="57" name="Proxima Centaurs 56: 0">
                <isKnown>false</isKnown>
                <fogColor>1.0,1.0,1.0</fogColor>
                <skyColor>0.8,0.74049735,0.31992936</skyColor>
                <gravitationalMultiplier>64</gravitationalMultiplier>
                <orbitalDistance>165</orbitalDistance>
                <orbitalTheta>309</orbitalTheta>
                <orbitalPhi>-177</orbitalPhi>
                <retrograde>false</retrograde>
                <avgTemperature>398</avgTemperature>
                <rotationalPeriod>91552</rotationalPeriod>
                <atmosphereDensity>34</atmosphereDensity>
                <generateCraters>true</generateCraters>
                <generateCaves>false</generateCaves>
                <generateVolcanos>false</generateVolcanos>
                <generateStructures>false</generateStructures>
                <generateGeodes>false</generateGeodes>
                <seaLevel>75</seaLevel>
                <biomeIds>minecraft:mushroom_island;30,minecraft:mutated_plains;30,advancedrocketry:oceanspires;30,minecraft:jungle;30,minecraft:mutated_extreme_hills_with_trees;30</biomeIds>
            </planet>
            <oceanBlock>minecraft:lava</oceanBlock>
        </planet>
        <planet DIMID="58" name="Proxima Centaurs 58">
            <isKnown>false</isKnown>
            <fogColor>1.0,1.0,1.0</fogColor>
            <skyColor>0.8,0.961735,0.28642213</skyColor>
            <gravitationalMultiplier>96</gravitationalMultiplier>
            <orbitalDistance>165</orbitalDistance>
            <orbitalTheta>108</orbitalTheta>
            <orbitalPhi>148</orbitalPhi>
            <retrograde>false</retrograde>
            <avgTemperature>398</avgTemperature>
            <rotationalPeriod>26707</rotationalPeriod>
            <atmosphereDensity>2</atmosphereDensity>
            <generateCraters>true</generateCraters>
            <generateCaves>false</generateCaves>
            <generateVolcanos>false</generateVolcanos>
            <generateStructures>false</generateStructures>
            <generateGeodes>false</generateGeodes>
            <biomeIds>advancedrocketry:moon;30,advancedrocketry:moondark;30</biomeIds>
        </planet>
    </star>
    <star blackHole="false" name="Magnis Vulpes" numGasGiants="0" numPlanets="0" size="1.0" temp="70" x="-150" y="-250">
        <planet DIMID="59" name="Magnis Vulpes 59">
            <isKnown>false</isKnown>
            <hasRings>true</hasRings>
            <ringColor>0.8,0.67736804,0.5454171</ringColor>
            <fogColor>1.0,1.0,1.0</fogColor>
            <skyColor>0.8,0.67736804,0.5454171</skyColor>
            <gravitationalMultiplier>130</gravitationalMultiplier>
            <orbitalDistance>54</orbitalDistance>
            <orbitalTheta>112</orbitalTheta>
            <orbitalPhi>-246</orbitalPhi>
            <retrograde>false</retrograde>
            <avgTemperature>329</avgTemperature>
            <rotationalPeriod>10923</rotationalPeriod>
            <atmosphereDensity>209</atmosphereDensity>
            <generateCraters>false</generateCraters>
            <generateCaves>false</generateCaves>
            <generateVolcanos>false</generateVolcanos>
            <generateStructures>false</generateStructures>
            <generateGeodes>true</generateGeodes>
            <biomeIds>minecraft:mutated_savanna_rock;30,minecraft:mutated_forest;30,minecraft:mutated_plains;30,minecraft:mesa_rock;30,minecraft:plains;10,advancedrocketry:deepswamp;30,advancedrocketry:stormland;30</biomeIds>
            <planet DIMID="60" name="Magnis Vulpes 59: 0">
                <isKnown>false</isKnown>
                <fogColor>1.0,1.0,1.0</fogColor>
                <skyColor>0.6371882,0.6986811,1.0</skyColor>
                <gravitationalMultiplier>43</gravitationalMultiplier>
                <orbitalDistance>189</orbitalDistance>
                <orbitalTheta>10</orbitalTheta>
                <orbitalPhi>-251</orbitalPhi>
                <retrograde>false</retrograde>
                <avgTemperature>130</avgTemperature>
                <rotationalPeriod>301860</rotationalPeriod>
                <atmosphereDensity>21</atmosphereDensity>
                <generateCraters>true</generateCraters>
                <generateCaves>false</generateCaves>
                <generateVolcanos>false</generateVolcanos>
                <generateStructures>false</generateStructures>
                <generateGeodes>false</generateGeodes>
                <biomeIds>advancedrocketry:moon;30,advancedrocketry:moondark;30</biomeIds>
            </planet>
            <planet DIMID="61" name="Magnis Vulpes 59: 1">
                <isKnown>false</isKnown>
                <fogColor>1.0,1.0,1.0</fogColor>
                <skyColor>0.7664701,0.71229327,1.0</skyColor>
                <gravitationalMultiplier>67</gravitationalMultiplier>
                <orbitalDistance>127</orbitalDistance>
                <orbitalTheta>154</orbitalTheta>
                <orbitalPhi>-199</orbitalPhi>
                <retrograde>false</retrograde>
                <avgTemperature>158</avgTemperature>
                <rotationalPeriod>79797</rotationalPeriod>
                <atmosphereDensity>34</atmosphereDensity>
                <generateCraters>true</generateCraters>
                <generateCaves>false</generateCaves>
                <generateVolcanos>false</generateVolcanos>
                <generateStructures>false</generateStructures>
                <generateGeodes>false</generateGeodes>
                <seaLevel>65</seaLevel>
                <biomeIds>minecraft:desert;30,minecraft:stone_beach;30,minecraft:forest_hills;30,minecraft:birch_forest;10,advancedrocketry:oceanspires;30</biomeIds>
            </planet>
            <planet DIMID="62" name="Magnis Vulpes 59: 2">
                <isKnown>false</isKnown>
                <fogColor>1.0,1.0,1.0</fogColor>
                <skyColor>0.8,0.5092964,1.0</skyColor>
                <gravitationalMultiplier>77</gravitationalMultiplier>
                <orbitalDistance>105</orbitalDistance>
                <orbitalTheta>124</orbitalTheta>
                <orbitalPhi>-7</orbitalPhi>
                <retrograde>false</retrograde>
                <avgTemperature>174</avgTemperature>
                <rotationalPeriod>52570</rotationalPeriod>
                <atmosphereDensity>35</atmosphereDensity>
                <generateCraters>true</generateCraters>
                <generateCaves>false</generateCaves>
                <generateVolcanos>false</generateVolcanos>
                <generateStructures>false</generateStructures>
                <generateGeodes>false</generateGeodes>
                <biomeIds>advancedrocketry:volcanicbarren;30,minecraft:extreme_hills;10,minecraft:stone_beach;30,minecraft:mutated_mesa_rock;30,minecraft:savanna_rock;30</biomeIds>
            </planet>
        </planet>
        <planet DIMID="63" name="Magnis Vulpes 63">
            <isKnown>false</isKnown>
            <fogColor>1.0,1.0,1.0</fogColor>
            <skyColor>0.8,0.9534486,0.98514545</skyColor>
            <gravitationalMultiplier>94</gravitationalMultiplier>
            <orbitalDistance>106</orbitalDistance>
            <orbitalTheta>75</orbitalTheta>
            <orbitalPhi>-35</orbitalPhi>
            <retrograde>false</retrograde>
            <avgTemperature>209</avgTemperature>
            <rotationalPeriod>28439</rotationalPeriod>
            <atmosphereDensity>132</atmosphereDensity>
            <generateCraters>false</generateCraters>
            <generateCaves>false</generateCaves>
            <generateVolcanos>false</generateVolcanos>
            <generateStructures>false</generateStructures>
            <generateGeodes>true</generateGeodes>
            <biomeIds>minecraft:mutated_swampland;30,minecraft:savanna_rock;30,minecraft:savanna;30,minecraft:mutated_extreme_hills_with_trees;30,minecraft:mutated_mesa;30</biomeIds>
        </planet>
    </star>
    <star blackHole="false" name="Ma-Roo" numGasGiants="0" numPlanets="0" size="1.0" temp="200" x="50" y="-250">
        <planet DIMID="64" name="Ma-Roo 64">
            <isKnown>false</isKnown>
            <fogColor>1.0,1.0,1.0</fogColor>
            <skyColor>0.8,0.6688479,0.0</skyColor>
            <gravitationalMultiplier>130</gravitationalMultiplier>
            <orbitalDistance>78</orbitalDistance>
            <orbitalTheta>21</orbitalTheta>
            <orbitalPhi>2</orbitalPhi>
            <retrograde>false</retrograde>
            <avgTemperature>773</avgTemperature>
            <rotationalPeriod>10923</rotationalPeriod>
            <atmosphereDensity>198</atmosphereDensity>
            <generateCraters>false</generateCraters>
            <generateCaves>false</generateCaves>
            <generateVolcanos>true</generateVolcanos>
            <generateStructures>false</generateStructures>
            <generateGeodes>true</generateGeodes>
            <seaLevel>66</seaLevel>
            <biomeIds>minecraft:deep_ocean;30,minecraft:frozen_ocean;30,minecraft:savanna_rock;30,minecraft:mutated_desert;30,minecraft:mutated_jungle_edge;30</biomeIds>
            <planet DIMID="65" name="Ma-Roo 64: 0">
                <isKnown>false</isKnown>
                <fogColor>1.0,1.0,1.0</fogColor>
                <skyColor>0.8,0.96491194,0.26038837</skyColor>
                <gravitationalMultiplier>78</gravitationalMultiplier>
                <orbitalDistance>151</orbitalDistance>
                <orbitalTheta>163</orbitalTheta>
                <orbitalPhi>56</orbitalPhi>
                <retrograde>false</retrograde>
                <avgTemperature>416</avgTemperature>
                <rotationalPeriod>50574</rotationalPeriod>
                <atmosphereDensity>37</atmosphereDensity>
                <generateCraters>true</generateCraters>
                <generateCaves>false</generateCaves>
                <generateVolcanos>false</generateVolcanos>
                <generateStructures>false</generateStructures>
                <generateGeodes>false</generateGeodes>
                <biomeIds>advancedrocketry:marsh;30,minecraft:frozen_ocean;30,minecraft:plains;10,minecraft:mesa_rock;30,minecraft:mutated_mesa_clear_rock;30</biomeIds>
            </planet>
            <planet DIMID="66" name="Ma-Roo 64: 1">
                <isKnown>false</isKnown>
                <fogColor>1.0,1.0,1.0</fogColor>
                <skyColor>0.8,0.8453164,0.10255462</skyColor>
                <gravitationalMultiplier>72</gravitationalMultiplier>
                <orbitalDistance>120</orbitalDistance>
                <orbitalTheta>208</orbitalTheta>
                <orbitalPhi>-308</orbitalPhi>
                <retrograde>false</retrograde>
                <avgTemperature>467</avgTemperature>
                <rotationalPeriod>64300</rotationalPeriod>
                <atmosphereDensity>18</atmosphereDensity>
                <generateCraters>true</generateCraters>
                <generateCaves>false</generateCaves>
                <generateVolcanos>true</generateVolcanos>
                <generateStructures>false</generateStructures>
                <generateGeodes>false</generateGeodes>
                <biomeIds>advancedrocketry:moon;30,advancedrocketry:moondark;30</biomeIds>
                <oceanBlock>minecraft:lava</oceanBlock>
            </planet>
            <planet DIMID="67" name="Ma-Roo 64: 2">
                <isKnown>false</isKnown>
                <fogColor>1.0,1.0,1.0</fogColor>
                <skyColor>0.8,0.5394953,0.29191077</skyColor>
                <gravitationalMultiplier>88</gravitationalMultiplier>
                <orbitalDistance>166</orbitalDistance>
                <orbitalTheta>181</orbitalTheta>
                <orbitalPhi>-57</orbitalPhi>
                <retrograde>false</retrograde>
                <avgTemperature>397</avgTemperature>
                <rotationalPeriod>35217</rotationalPeriod>
                <atmosphereDensity>21</atmosphereDensity>
                <generateCraters>true</generateCraters>
                <generateCaves>false</generateCaves>
                <generateVolcanos>false</generateVolcanos>
                <generateStructures>false</generateStructures>
                <generateGeodes>false</generateGeodes>
                <biomeIds>advancedrocketry:moon;30,advancedrocketry:moondark;30</biomeIds>
            </planet>
            <oceanBlock>minecraft:lava</oceanBlock>
        </planet>
        <planet DIMID="68" name="Ma-Roo 68">
            <isKnown>false</isKnown>
            <fogColor>1.0,1.0,1.0</fogColor>
            <skyColor>0.8,0.80477977,0.30991918</skyColor>
            <gravitationalMultiplier>93</gravitationalMultiplier>
            <orbitalDistance>174</orbitalDistance>
            <orbitalTheta>349</orbitalTheta>
            <orbitalPhi>88</orbitalPhi>
            <retrograde>false</retrograde>
            <avgTemperature>390</avgTemperature>
            <rotationalPeriod>29361</rotationalPeriod>
            <atmosphereDensity>64</atmosphereDensity>
            <generateCraters>true</generateCraters>
            <generateCaves>false</generateCaves>
            <generateVolcanos>false</generateVolcanos>
            <generateStructures>false</generateStructures>
            <generateGeodes>false</generateGeodes>
            <biomeIds>minecraft:desert_hills;30</biomeIds>
        </planet>
        <planet DIMID="69" name="Ma-Roo 69">
            <isKnown>false</isKnown>
            <fogColor>1.0,1.0,1.0</fogColor>
            <skyColor>0.8,0.54057467,0.2413413</skyColor>
            <gravitationalMultiplier>114</gravitationalMultiplier>
            <orbitalDistance>144</orbitalDistance>
            <orbitalTheta>94</orbitalTheta>
            <orbitalPhi>275</orbitalPhi>
            <retrograde>false</retrograde>
            <avgTemperature>426</avgTemperature>
            <rotationalPeriod>15988</rotationalPeriod>
            <atmosphereDensity>51</atmosphereDensity>
            <generateCraters>true</generateCraters>
            <generateCaves>false</generateCaves>
            <generateVolcanos>false</generateVolcanos>
            <generateStructures>false</generateStructures>
            <generateGeodes>false</generateGeodes>
            <biomeIds>advancedrocketry:volcanicbarren;30</biomeIds>
            <planet DIMID="70" name="Ma-Roo 69: 0">
                <isKnown>false</isKnown>
                <fogColor>1.0,1.0,1.0</fogColor>
                <skyColor>0.8,0.72645044,0.22631723</skyColor>
                <gravitationalMultiplier>33</gravitationalMultiplier>
                <orbitalDistance>144</orbitalDistance>
                <orbitalTheta>265</orbitalTheta>
                <orbitalPhi>-400</orbitalPhi>
                <retrograde>false</retrograde>
                <avgTemperature>426</avgTemperature>
                <rotationalPeriod>667835</rotationalPeriod>
                <atmosphereDensity>30</atmosphereDensity>
                <generateCraters>true</generateCraters>
                <generateCaves>false</generateCaves>
                <generateVolcanos>false</generateVolcanos>
                <generateStructures>false</generateStructures>
                <generateGeodes>false</generateGeodes>
                <biomeIds>minecraft:beaches;30,minecraft:forest_hills;30,minecraft:smaller_extreme_hills;30,advancedrocketry:volcanicbarren;30,advancedrocketry:marsh;30</biomeIds>
            </planet>
            <planet DIMID="71" name="Ma-Roo 69: 1">
                <isKnown>false</isKnown>
                <fogColor>1.0,1.0,1.0</fogColor>
                <skyColor>0.8,0.8922702,0.24671966</skyColor>
                <gravitationalMultiplier>36</gravitationalMultiplier>
                <orbitalDistance>142</orbitalDistance>
                <orbitalTheta>294</orbitalTheta>
                <orbitalPhi>-410</orbitalPhi>
                <retrograde>false</retrograde>
                <avgTemperature>429</avgTemperature>
                <rotationalPeriod>514403</rotationalPeriod>
                <atmosphereDensity>31</atmosphereDensity>
                <generateCraters>true</generateCraters>
                <generateCaves>false</generateCaves>
                <generateVolcanos>false</generateVolcanos>
                <generateStructures>false</generateStructures>
                <generateGeodes>false</generateGeodes>
                <biomeIds>minecraft:smaller_extreme_hills;30,minecraft:mutated_mesa;30,minecraft:mutated_birch_forest_hills;30,minecraft:mutated_swampland;30,minecraft:mutated_redwood_taiga_hills;30</biomeIds>
            </planet>
        </planet>
        <planet DIMID="72" name="Ma-Roo 72">
            <isKnown>false</isKnown>
            <fogColor>1.0,1.0,1.0</fogColor>
            <skyColor>0.8,0.8418272,0.0</skyColor>
            <gravitationalMultiplier>130</gravitationalMultiplier>
            <orbitalDistance>103</orbitalDistance>
            <orbitalTheta>236</orbitalTheta>
            <orbitalPhi>11</orbitalPhi>
            <retrograde>false</retrograde>
            <avgTemperature>676</avgTemperature>
            <rotationalPeriod>10923</rotationalPeriod>
            <atmosphereDensity>202</atmosphereDensity>
            <generateCraters>false</generateCraters>
            <generateCaves>false</generateCaves>
            <generateVolcanos>true</generateVolcanos>
            <generateStructures>false</generateStructures>
            <generateGeodes>true</generateGeodes>
            <biomeIds>minecraft:desert_hills;30,minecraft:deep_ocean;30,minecraft:mutated_mesa_rock;30,minecraft:mutated_jungle;30,advancedrocketry:volcanicbarren;30</biomeIds>
            <planet DIMID="73" name="Ma-Roo 72: 0">
                <isKnown>false</isKnown>
                <fogColor>1.0,1.0,1.0</fogColor>
                <skyColor>0.8,0.726473,0.122647166</skyColor>
                <gravitationalMultiplier>72</gravitationalMultiplier>
                <orbitalDistance>129</orbitalDistance>
                <orbitalTheta>10</orbitalTheta>
                <orbitalPhi>-516</orbitalPhi>
                <retrograde>false</retrograde>
                <avgTemperature>450</avgTemperature>
                <rotationalPeriod>64300</rotationalPeriod>
                <atmosphereDensity>29</atmosphereDensity>
                <generateCraters>true</generateCraters>
                <generateCaves>false</generateCaves>
                <generateVolcanos>false</generateVolcanos>
                <generateStructures>false</generateStructures>
                <generateGeodes>false</generateGeodes>
                <biomeIds>advancedrocketry:volcanicbarren;30</biomeIds>
            </planet>
            <planet DIMID="74" name="Ma-Roo 72: 1">
                <isKnown>false</isKnown>
                <fogColor>1.0,1.0,1.0</fogColor>
                <skyColor>0.8,0.87256813,0.3333522</skyColor>
                <gravitationalMultiplier>55</gravitationalMultiplier>
                <orbitalDistance>172</orbitalDistance>
                <orbitalTheta>252</orbitalTheta>
                <orbitalPhi>-99</orbitalPhi>
                <retrograde>false</retrograde>
                <avgTemperature>390</avgTemperature>
                <rotationalPeriod>144252</rotationalPeriod>
                <atmosphereDensity>24</atmosphereDensity>
                <generateCraters>true</generateCraters>
                <generateCaves>false</generateCaves>
                <generateVolcanos>false</generateVolcanos>
                <generateStructures>false</generateStructures>
                <generateGeodes>false</generateGeodes>
                <biomeIds>advancedrocketry:moon;30,advancedrocketry:moondark;30</biomeIds>
            </planet>
            <planet DIMID="75" name="Ma-Roo 72: 2">
                <isKnown>false</isKnown>
                <fogColor>1.0,1.0,1.0</fogColor>
                <skyColor>0.8,0.6003407,0.28393596</skyColor>
                <gravitationalMultiplier>70</gravitationalMultiplier>
                <orbitalDistance>161</orbitalDistance>
                <orbitalTheta>47</orbitalTheta>
                <orbitalPhi>-208</orbitalPhi>
                <retrograde>false</retrograde>
                <avgTemperature>403</avgTemperature>
                <rotationalPeriod>69970</rotationalPeriod>
                <atmosphereDensity>14</atmosphereDensity>
                <generateCraters>true</generateCraters>
                <generateCaves>false</generateCaves>
                <generateVolcanos>false</generateVolcanos>
                <generateStructures>false</generateStructures>
                <generateGeodes>false</generateGeodes>
                <biomeIds>advancedrocketry:moon;30,advancedrocketry:moondark;30</biomeIds>
            </planet>
            <oceanBlock>minecraft:lava</oceanBlock>
        </planet>
        <planet DIMID="76" name="Ma-Roo 76">
            <isKnown>false</isKnown>
            <fogColor>1.0,1.0,1.0</fogColor>
            <skyColor>0.8,0.7116426,0.0</skyColor>
            <gravitationalMultiplier>95</gravitationalMultiplier>
            <orbitalDistance>58</orbitalDistance>
            <orbitalTheta>205</orbitalTheta>
            <orbitalPhi>-217</orbitalPhi>
            <retrograde>false</retrograde>
            <avgTemperature>703</avgTemperature>
            <rotationalPeriod>27555</rotationalPeriod>
            <atmosphereDensity>75</atmosphereDensity>
            <generateCraters>true</generateCraters>
            <generateCaves>false</generateCaves>
            <generateVolcanos>true</generateVolcanos>
            <generateStructures>false</generateStructures>
            <generateGeodes>false</generateGeodes>
            <biomeIds>minecraft:jungle_hills;30,minecraft:desert;30,minecraft:mutated_mesa_clear_rock;30,minecraft:savanna_rock;30,minecraft:jungle;30</biomeIds>
            <oceanBlock>minecraft:lava</oceanBlock>
        </planet>
        <planet DIMID="77" name="Ma-Roo 77">
            <isKnown>false</isKnown>
            <fogColor>1.0,1.0,1.0</fogColor>
            <skyColor>0.8,0.63320684,0.02496916</skyColor>
            <gravitationalMultiplier>94</gravitationalMultiplier>
            <orbitalDistance>105</orbitalDistance>
            <orbitalTheta>2</orbitalTheta>
            <orbitalPhi>-148</orbitalPhi>
            <retrograde>false</retrograde>
            <avgTemperature>499</avgTemperature>
            <rotationalPeriod>28439</rotationalPeriod>
            <atmosphereDensity>50</atmosphereDensity>
            <generateCraters>true</generateCraters>
            <generateCaves>false</generateCaves>
            <generateVolcanos>true</generateVolcanos>
            <generateStructures>false</generateStructures>
            <generateGeodes>false</generateGeodes>
            <biomeIds>minecraft:savanna;30,advancedrocketry:oceanspires;30,minecraft:frozen_ocean;30,minecraft:savanna_rock;30,minecraft:deep_ocean;30</biomeIds>
            <oceanBlock>minecraft:lava</oceanBlock>
        </planet>
    </star>
    <star blackHole="false" name="Alykitt" numGasGiants="0" numPlanets="0" size="1.0" temp="120" x="75" y="200">
        <planet DIMID="86" name="Alykitt 86">
            <isKnown>false</isKnown>
            <fogColor>1.0,1.0,1.0</fogColor>
            <skyColor>0.8,0.5036683,0.0</skyColor>
            <gravitationalMultiplier>129</gravitationalMultiplier>
            <orbitalDistance>48</orbitalDistance>
            <orbitalTheta>166</orbitalTheta>
            <orbitalPhi>121</orbitalPhi>
            <retrograde>false</retrograde>
            <avgTemperature>559</avgTemperature>
            <rotationalPeriod>11051</rotationalPeriod>
            <atmosphereDensity>159</atmosphereDensity>
            <generateCraters>false</generateCraters>
            <generateCaves>false</generateCaves>
            <generateVolcanos>true</generateVolcanos>
            <generateStructures>false</generateStructures>
            <generateGeodes>true</generateGeodes>
            <biomeIds>minecraft:ocean;30,advancedrocketry:volcanicbarren;30,advancedrocketry:oceanspires;30,minecraft:jungle;30,minecraft:desert;30</biomeIds>
            <oceanBlock>minecraft:lava</oceanBlock>
        </planet>
        <planet DIMID="87" name="Alykitt 87">
            <isKnown>false</isKnown>
            <fogColor>1.0,1.0,1.0</fogColor>
            <skyColor>0.8,0.76153684,0.5128666</skyColor>
            <gravitationalMultiplier>105</gravitationalMultiplier>
            <orbitalDistance>108</orbitalDistance>
            <orbitalTheta>20</orbitalTheta>
            <orbitalPhi>-332</orbitalPhi>
            <retrograde>false</retrograde>
            <avgTemperature>332</avgTemperature>
            <rotationalPeriod>20438</rotationalPeriod>
            <atmosphereDensity>100</atmosphereDensity>
            <generateCraters>false</generateCraters>
            <generateCaves>false</generateCaves>
            <generateVolcanos>false</generateVolcanos>
            <generateStructures>true</generateStructures>
            <generateGeodes>false</generateGeodes>
            <biomeIds>minecraft:mushroom_island;30</biomeIds>
            <planet DIMID="88" name="Alykitt 87: 0">
                <isKnown>false</isKnown>
                <fogColor>1.0,1.0,1.0</fogColor>
                <skyColor>0.8,0.93697166,0.8809875</skyColor>
                <gravitationalMultiplier>39</gravitationalMultiplier>
                <orbitalDistance>178</orbitalDistance>
                <orbitalTheta>289</orbitalTheta>
                <orbitalPhi>91</orbitalPhi>
                <retrograde>false</retrograde>
                <avgTemperature>230</avgTemperature>
                <rotationalPeriod>404592</rotationalPeriod>
                <atmosphereDensity>31</atmosphereDensity>
                <generateCraters>true</generateCraters>
                <generateCaves>false</generateCaves>
                <generateVolcanos>false</generateVolcanos>
                <generateStructures>false</generateStructures>
                <generateGeodes>false</generateGeodes>
                <biomeIds>minecraft:ice_flats;30</biomeIds>
            </planet>
        </planet>
        <planet DIMID="89" name="Alykitt 89">
            <isKnown>false</isKnown>
            <fogColor>1.0,1.0,1.0</fogColor>
            <skyColor>0.8,0.7694236,0.850182</skyColor>
            <gravitationalMultiplier>130</gravitationalMultiplier>
            <orbitalDistance>146</orbitalDistance>
            <orbitalTheta>304</orbitalTheta>
            <orbitalPhi>-101</orbitalPhi>
            <retrograde>false</retrograde>
            <avgTemperature>254</avgTemperature>
            <rotationalPeriod>10923</rotationalPeriod>
            <atmosphereDensity>13</atmosphereDensity>
            <generateCraters>true</generateCraters>
            <generateCaves>false</generateCaves>
            <generateVolcanos>false</generateVolcanos>
            <generateStructures>false</generateStructures>
            <generateGeodes>false</generateGeodes>
            <biomeIds>advancedrocketry:moon;30,advancedrocketry:moondark;30</biomeIds>
            <planet DIMID="90" name="Alykitt 89: 0">
                <isKnown>false</isKnown>
                <fogColor>1.0,1.0,1.0</fogColor>
                <skyColor>0.8,0.59896564,0.71527493</skyColor>
                <gravitationalMultiplier>64</gravitationalMultiplier>
                <orbitalDistance>113</orbitalDistance>
                <orbitalTheta>25</orbitalTheta>
                <orbitalPhi>-433</orbitalPhi>
                <retrograde>false</retrograde>
                <avgTemperature>288</avgTemperature>
                <rotationalPeriod>91552</rotationalPeriod>
                <atmosphereDensity>27</atmosphereDensity>
                <generateCraters>true</generateCraters>
                <generateCaves>false</generateCaves>
                <generateVolcanos>false</generateVolcanos>
                <generateStructures>false</generateStructures>
                <generateGeodes>false</generateGeodes>
                <biomeIds>minecraft:mutated_roofed_forest;30,advancedrocketry:oceanspires;30,minecraft:mutated_extreme_hills;30,minecraft:ocean;30,minecraft:frozen_ocean;30</biomeIds>
            </planet>
            <planet DIMID="91" name="Alykitt 89: 1">
                <isKnown>false</isKnown>
                <fogColor>1.0,1.0,1.0</fogColor>
                <skyColor>0.8,0.832325,0.89352304</skyColor>
                <gravitationalMultiplier>54</gravitationalMultiplier>
                <orbitalDistance>165</orbitalDistance>
                <orbitalTheta>160</orbitalTheta>
                <orbitalPhi>60</orbitalPhi>
                <retrograde>false</retrograde>
                <avgTemperature>239</avgTemperature>
                <rotationalPeriod>152415</rotationalPeriod>
                <atmosphereDensity>19</atmosphereDensity>
                <generateCraters>true</generateCraters>
                <generateCaves>false</generateCaves>
                <generateVolcanos>false</generateVolcanos>
                <generateStructures>false</generateStructures>
                <generateGeodes>false</generateGeodes>
                <biomeIds>advancedrocketry:moon;30,advancedrocketry:moondark;30</biomeIds>
            </planet>
        </planet>
        <planet DIMID="78" name="Alykitt 78">
            <isKnown>false</isKnown>
            <GasGiant>true</GasGiant>
            <gas>helium</gas>
            <gas>hydrogen</gas>
            <fogColor>1.0,1.0,1.0</fogColor>
            <skyColor>1.0,1.0,1.0</skyColor>
            <gravitationalMultiplier>130</gravitationalMultiplier>
            <orbitalDistance>200</orbitalDistance>
            <orbitalTheta>0</orbitalTheta>
            <orbitalPhi>0</orbitalPhi>
            <retrograde>false</retrograde>
            <avgTemperature>244</avgTemperature>
            <rotationalPeriod>24000</rotationalPeriod>
            <atmosphereDensity>100</atmosphereDensity>
            <generateCraters>false</generateCraters>
            <generateCaves>false</generateCaves>
            <generateVolcanos>false</generateVolcanos>
            <generateStructures>false</generateStructures>
            <generateGeodes>false</generateGeodes>
            <planet DIMID="80" name="Alykitt 78: 1">
                <isKnown>false</isKnown>
                <fogColor>1.0,1.0,1.0</fogColor>
                <skyColor>0.8,0.9903693,0.8504279</skyColor>
                <gravitationalMultiplier>44</gravitationalMultiplier>
                <orbitalDistance>147</orbitalDistance>
                <orbitalTheta>351</orbitalTheta>
                <orbitalPhi>-183</orbitalPhi>
                <retrograde>false</retrograde>
                <avgTemperature>253</avgTemperature>
                <rotationalPeriod>281743</rotationalPeriod>
                <atmosphereDensity>30</atmosphereDensity>
                <generateCraters>true</generateCraters>
                <generateCaves>false</generateCaves>
                <generateVolcanos>false</generateVolcanos>
                <generateStructures>false</generateStructures>
                <generateGeodes>false</generateGeodes>
                <biomeIds>minecraft:desert_hills;30,minecraft:mutated_savanna_rock;30,minecraft:savanna_rock;30,minecraft:desert;30,minecraft:mutated_mesa_rock;30</biomeIds>
            </planet>
            <planet DIMID="81" name="Alykitt 78: 2">
                <isKnown>false</isKnown>
                <fogColor>1.0,1.0,1.0</fogColor>
                <skyColor>0.8,0.70064247,0.8824873</skyColor>
                <gravitationalMultiplier>48</gravitationalMultiplier>
                <orbitalDistance>178</orbitalDistance>
                <orbitalTheta>152</orbitalTheta>
                <orbitalPhi>190</orbitalPhi>
                <retrograde>false</retrograde>
                <avgTemperature>230</avgTemperature>
                <rotationalPeriod>217013</rotationalPeriod>
                <atmosphereDensity>28</atmosphereDensity>
                <generateCraters>true</generateCraters>
                <generateCaves>false</generateCaves>
                <generateVolcanos>false</generateVolcanos>
                <generateStructures>false</generateStructures>
                <generateGeodes>false</generateGeodes>
                <biomeIds>advancedrocketry:crystalchasms;30</biomeIds>
            </planet>
            <planet DIMID="82" name="Alykitt 78: 3">
                <isKnown>false</isKnown>
                <fogColor>1.0,1.0,1.0</fogColor>
                <skyColor>0.8,0.78000045,0.87665266</skyColor>
                <gravitationalMultiplier>82</gravitationalMultiplier>
                <orbitalDistance>157</orbitalDistance>
                <orbitalTheta>290</orbitalTheta>
                <orbitalPhi>-284</orbitalPhi>
                <retrograde>false</retrograde>
                <avgTemperature>245</avgTemperature>
                <rotationalPeriod>43528</rotationalPeriod>
                <atmosphereDensity>17</atmosphereDensity>
                <generateCraters>true</generateCraters>
                <generateCaves>false</generateCaves>
                <generateVolcanos>false</generateVolcanos>
                <generateStructures>false</generateStructures>
                <generateGeodes>false</generateGeodes>
                <biomeIds>advancedrocketry:moon;30,advancedrocketry:moondark;30</biomeIds>
            </planet>
            <planet DIMID="83" name="Alykitt 78: 4">
                <isKnown>false</isKnown>
                <fogColor>1.0,1.0,1.0</fogColor>
                <skyColor>0.8,0.97749865,0.96707237</skyColor>
                <gravitationalMultiplier>87</gravitationalMultiplier>
                <orbitalDistance>195</orbitalDistance>
                <orbitalTheta>287</orbitalTheta>
                <orbitalPhi>-292</orbitalPhi>
                <retrograde>false</retrograde>
                <avgTemperature>219</avgTemperature>
                <rotationalPeriod>36446</rotationalPeriod>
                <atmosphereDensity>30</atmosphereDensity>
                <generateCraters>true</generateCraters>
                <generateCaves>false</generateCaves>
                <generateVolcanos>false</generateVolcanos>
                <generateStructures>false</generateStructures>
                <generateGeodes>false</generateGeodes>
                <biomeIds>minecraft:ice_flats;30</biomeIds>
            </planet>
            <planet DIMID="84" name="Alykitt 78: 5">
                <isKnown>false</isKnown>
                <fogColor>1.0,1.0,1.0</fogColor>
                <skyColor>0.8,0.57135075,0.74448895</skyColor>
                <gravitationalMultiplier>43</gravitationalMultiplier>
                <orbitalDistance>133</orbitalDistance>
                <orbitalTheta>267</orbitalTheta>
                <orbitalPhi>-55</orbitalPhi>
                <retrograde>false</retrograde>
                <avgTemperature>266</avgTemperature>
                <rotationalPeriod>301860</rotationalPeriod>
                <atmosphereDensity>14</atmosphereDensity>
                <generateCraters>true</generateCraters>
                <generateCaves>false</generateCaves>
                <generateVolcanos>false</generateVolcanos>
                <generateStructures>false</generateStructures>
                <generateGeodes>false</generateGeodes>
                <biomeIds>advancedrocketry:moon;30,advancedrocketry:moondark;30</biomeIds>
            </planet>
            <planet DIMID="85" name="Alykitt 78: 6">
                <isKnown>false</isKnown>
                <fogColor>1.0,1.0,1.0</fogColor>
                <skyColor>0.8,0.9547149,0.7468661</skyColor>
                <gravitationalMultiplier>77</gravitationalMultiplier>
                <orbitalDistance>121</orbitalDistance>
                <orbitalTheta>202</orbitalTheta>
                <orbitalPhi>46</orbitalPhi>
                <retrograde>false</retrograde>
                <avgTemperature>279</avgTemperature>
                <rotationalPeriod>52570</rotationalPeriod>
                <atmosphereDensity>26</atmosphereDensity>
                <generateCraters>true</generateCraters>
                <generateCaves>false</generateCaves>
                <generateVolcanos>false</generateVolcanos>
                <generateStructures>false</generateStructures>
                <generateGeodes>false</generateGeodes>
                <biomeIds>minecraft:mushroom_island;30</biomeIds>
            </planet>
            <planet DIMID="79" name="Alykitt 78: 0">
                <isKnown>false</isKnown>
                <fogColor>1.0,1.0,1.0</fogColor>
                <skyColor>0.8,0.6854583,0.9533145</skyColor>
                <gravitationalMultiplier>78</gravitationalMultiplier>
                <orbitalDistance>195</orbitalDistance>
                <orbitalTheta>17</orbitalTheta>
                <orbitalPhi>224</orbitalPhi>
                <retrograde>false</retrograde>
                <avgTemperature>219</avgTemperature>
                <rotationalPeriod>50574</rotationalPeriod>
                <atmosphereDensity>29</atmosphereDensity>
                <generateCraters>true</generateCraters>
                <generateCaves>false</generateCaves>
                <generateVolcanos>false</generateVolcanos>
                <generateStructures>false</generateStructures>
                <generateGeodes>false</generateGeodes>
                <seaLevel>46</seaLevel>
                <biomeIds>advancedrocketry:crystalchasms;30</biomeIds>
            </planet>
        </planet>
    </star>
</galaxy>
