{
  "minecraft:recipes/transportation/acacia_boat": {
    "criteria": {
      "entered_water": "2022-11-27 18:49:29 +0200"
    },
    "done": true
  },
  "minecraft:recipes/transportation/dark_oak_boat": {
    "criteria": {
      "entered_water": "2022-11-27 18:49:29 +0200"
    },
    "done": true
  },
  "minecraft:recipes/transportation/birch_boat": {
    "criteria": {
      "entered_water": "2022-11-27 18:49:29 +0200"
    },
    "done": true
  },
  "minecraft:recipes/transportation/boat": {
    "criteria": {
      "entered_water": "2022-11-27 18:49:29 +0200"
    },
    "done": true
  },
  "minecraft:recipes/transportation/jungle_boat": {
    "criteria": {
      "entered_water": "2022-11-27 18:49:29 +0200"
    },
    "done": true
  },
  "minecraft:recipes/transportation/spruce_boat": {
    "criteria": {
      "entered_water": "2022-11-27 18:49:29 +0200"
    },
    "done": true
  },
  "appliedenergistics2:main/presses": {
    "criteria": {
      "calc": "2022-11-27 18:49:43 +0200"
    },
    "done": true
  },
  "minecraft:adventure/adventuring_time": {
    "criteria": {
      "deep_ocean": "2022-11-27 18:50:11 +0200",
      "beaches": "2022-11-27 18:49:18 +0200",
      "desert_hills": "2022-11-27 18:50:53 +0200",
      "savanna": "2022-11-27 18:47:17 +0200",
      "savanna_rock": "2022-11-27 18:49:05 +0200",
      "ocean": "2022-11-27 18:50:03 +0200",
      "river": "2022-11-27 18:50:10 +0200",
      "desert": "2022-11-27 18:50:09 +0200"
    },
    "done": false
  }
}