<?xml version="1.0" encoding="UTF-8" standalone="no"?>
<galaxy>
    <star blackHole="false" name="Sol" numGasGiants="0" numPlanets="0" size="1.0" temp="100" x="0" y="0">
        <planet DIMID="0" dimMapping="" name="Earth">
            <isKnown>true</isKnown>
            <fogColor>1.0,1.0,1.0</fogColor>
            <skyColor>1.0,1.0,1.0</skyColor>
            <gravitationalMultiplier>100</gravitationalMultiplier>
            <orbitalDistance>100</orbitalDistance>
            <orbitalTheta>0</orbitalTheta>
            <orbitalPhi>0</orbitalPhi>
            <retrograde>false</retrograde>
            <avgTemperature>287</avgTemperature>
            <rotationalPeriod>24000</rotationalPeriod>
            <atmosphereDensity>100</atmosphereDensity>
            <generateCraters>false</generateCraters>
            <generateCaves>false</generateCaves>
            <generateVolcanos>false</generateVolcanos>
            <generateStructures>false</generateStructures>
            <generateGeodes>false</generateGeodes>
            <planet DIMID="3" name="Luna">
                <isKnown>false</isKnown>
                <fogColor>1.0,1.0,1.0</fogColor>
                <skyColor>1.0,1.0,1.0</skyColor>
                <gravitationalMultiplier>16</gravitationalMultiplier>
                <orbitalDistance>150</orbitalDistance>
                <orbitalTheta>0</orbitalTheta>
                <orbitalPhi>0</orbitalPhi>
                <retrograde>false</retrograde>
                <avgTemperature>255</avgTemperature>
                <rotationalPeriod>128000</rotationalPeriod>
                <atmosphereDensity>0</atmosphereDensity>
                <generateCraters>true</generateCraters>
                <generateCaves>false</generateCaves>
                <generateVolcanos>false</generateVolcanos>
                <generateStructures>false</generateStructures>
                <generateGeodes>false</generateGeodes>
                <biomeIds>advancedrocketry:moon;30,advancedrocketry:moondark;30</biomeIds>
            </planet>
        </planet>
        <planet DIMID="16" name="Sol 16">
            <isKnown>false</isKnown>
            <fogColor>1.0,1.0,1.0</fogColor>
            <skyColor>0.8,0.8911102,0.44219226</skyColor>
            <gravitationalMultiplier>94</gravitationalMultiplier>
            <orbitalDistance>77</orbitalDistance>
            <orbitalTheta>285</orbitalTheta>
            <orbitalPhi>161</orbitalPhi>
            <retrograde>false</retrograde>
            <avgTemperature>367</avgTemperature>
            <rotationalPeriod>28439</rotationalPeriod>
            <atmosphereDensity>158</atmosphereDensity>
            <generateCraters>false</generateCraters>
            <generateCaves>false</generateCaves>
            <generateVolcanos>false</generateVolcanos>
            <generateStructures>true</generateStructures>
            <generateGeodes>true</generateGeodes>
            <biomeIds>minecraft:frozen_ocean;30,minecraft:savanna_rock;30,advancedrocketry:volcanicbarren;30,minecraft:extreme_hills_with_trees;30,minecraft:roofed_forest;10</biomeIds>
        </planet>
        <planet DIMID="17" name="Sol 17">
            <isKnown>false</isKnown>
            <fogColor>1.0,1.0,1.0</fogColor>
            <skyColor>0.8,0.88307476,0.97556174</skyColor>
            <gravitationalMultiplier>127</gravitationalMultiplier>
            <orbitalDistance>154</orbitalDistance>
            <orbitalTheta>356</orbitalTheta>
            <orbitalPhi>-370</orbitalPhi>
            <retrograde>false</retrograde>
            <avgTemperature>216</avgTemperature>
            <rotationalPeriod>11579</rotationalPeriod>
            <atmosphereDensity>76</atmosphereDensity>
            <generateCraters>false</generateCraters>
            <generateCaves>false</generateCaves>
            <generateVolcanos>false</generateVolcanos>
            <generateStructures>false</generateStructures>
            <generateGeodes>false</generateGeodes>
            <biomeIds>minecraft:mutated_roofed_forest;30,minecraft:mesa;30,minecraft:roofed_forest;10,minecraft:swampland;10,minecraft:mutated_swampland;30</biomeIds>
            <planet DIMID="18" name="Sol 17: 0">
                <isKnown>false</isKnown>
                <fogColor>1.0,1.0,1.0</fogColor>
                <skyColor>0.8,0.8263159,0.8706075</skyColor>
                <gravitationalMultiplier>47</gravitationalMultiplier>
                <orbitalDistance>108</orbitalDistance>
                <orbitalTheta>9</orbitalTheta>
                <orbitalPhi>-101</orbitalPhi>
                <retrograde>false</retrograde>
                <avgTemperature>246</avgTemperature>
                <rotationalPeriod>231162</rotationalPeriod>
                <atmosphereDensity>32</atmosphereDensity>
                <generateCraters>true</generateCraters>
                <generateCaves>false</generateCaves>
                <generateVolcanos>false</generateVolcanos>
                <generateStructures>false</generateStructures>
                <generateGeodes>false</generateGeodes>
                <biomeIds>minecraft:mutated_savanna;30,minecraft:desert_hills;30,minecraft:jungle_edge;30,minecraft:mushroom_island;30,minecraft:mutated_jungle;30</biomeIds>
            </planet>
            <planet DIMID="19" name="Sol 17: 1">
                <isKnown>false</isKnown>
                <fogColor>1.0,1.0,1.0</fogColor>
                <skyColor>0.8,0.98602116,0.9474455</skyColor>
                <gravitationalMultiplier>52</gravitationalMultiplier>
                <orbitalDistance>140</orbitalDistance>
                <orbitalTheta>61</orbitalTheta>
                <orbitalPhi>-52</orbitalPhi>
                <retrograde>false</retrograde>
                <avgTemperature>216</avgTemperature>
                <rotationalPeriod>170687</rotationalPeriod>
                <atmosphereDensity>33</atmosphereDensity>
                <generateCraters>true</generateCraters>
                <generateCaves>false</generateCaves>
                <generateVolcanos>false</generateVolcanos>
                <generateStructures>false</generateStructures>
                <generateGeodes>false</generateGeodes>
                <biomeIds>minecraft:jungle;30,minecraft:savanna;30,minecraft:mutated_birch_forest_hills;30,minecraft:mesa_clear_rock;30,minecraft:mutated_forest;30</biomeIds>
            </planet>
        </planet>
        <planet DIMID="4" name="Sol 4">
            <isKnown>false</isKnown>
            <GasGiant>true</GasGiant>
            <gas>ammonia</gas>
            <gas>nitrogen</gas>
            <gas>oxygen</gas>
            <fogColor>1.0,1.0,1.0</fogColor>
            <skyColor>1.0,1.0,1.0</skyColor>
            <gravitationalMultiplier>101</gravitationalMultiplier>
            <orbitalDistance>262</orbitalDistance>
            <orbitalTheta>0</orbitalTheta>
            <orbitalPhi>0</orbitalPhi>
            <retrograde>false</retrograde>
            <avgTemperature>194</avgTemperature>
            <rotationalPeriod>24000</rotationalPeriod>
            <atmosphereDensity>143</atmosphereDensity>
            <generateCraters>false</generateCraters>
            <generateCaves>false</generateCaves>
            <generateVolcanos>false</generateVolcanos>
            <generateStructures>false</generateStructures>
            <generateGeodes>false</generateGeodes>
        </planet>
        <planet DIMID="20" name="Sol 20">
            <isKnown>false</isKnown>
            <fogColor>1.0,1.0,1.0</fogColor>
            <skyColor>0.8,0.901461,0.22603399</skyColor>
            <gravitationalMultiplier>130</gravitationalMultiplier>
            <orbitalDistance>36</orbitalDistance>
            <orbitalTheta>244</orbitalTheta>
            <orbitalPhi>-128</orbitalPhi>
            <retrograde>false</retrograde>
            <avgTemperature>426</avgTemperature>
            <rotationalPeriod>10923</rotationalPeriod>
            <atmosphereDensity>48</atmosphereDensity>
            <generateCraters>true</generateCraters>
            <generateCaves>false</generateCaves>
            <generateVolcanos>false</generateVolcanos>
            <generateStructures>false</generateStructures>
            <generateGeodes>false</generateGeodes>
            <biomeIds>minecraft:mushroom_island;30</biomeIds>
        </planet>
        <planet DIMID="5" name="Sol 5">
            <isKnown>false</isKnown>
            <fogColor>1.0,1.0,1.0</fogColor>
            <skyColor>0.8,0.74130404,0.3810606</skyColor>
            <gravitationalMultiplier>110</gravitationalMultiplier>
            <orbitalDistance>82</orbitalDistance>
            <orbitalTheta>110</orbitalTheta>
            <orbitalPhi>-61</orbitalPhi>
            <retrograde>false</retrograde>
            <avgTemperature>379</avgTemperature>
            <rotationalPeriod>17787</rotationalPeriod>
            <atmosphereDensity>204</atmosphereDensity>
            <generateCraters>false</generateCraters>
            <generateCaves>false</generateCaves>
            <generateVolcanos>false</generateVolcanos>
            <generateStructures>false</generateStructures>
            <generateGeodes>true</generateGeodes>
            <biomeIds>minecraft:mutated_extreme_hills;30,minecraft:deep_ocean;30,minecraft:mutated_redwood_taiga_hills;30,minecraft:mutated_savanna_rock;30,minecraft:mutated_swampland;30,advancedrocketry:deepswamp;30,advancedrocketry:stormland;30</biomeIds>
            <planet DIMID="6" name="Sol 5: 0">
                <isKnown>false</isKnown>
                <fogColor>1.0,1.0,1.0</fogColor>
                <skyColor>0.8,0.53857505,0.78098303</skyColor>
                <gravitationalMultiplier>74</gravitationalMultiplier>
                <orbitalDistance>101</orbitalDistance>
                <orbitalTheta>356</orbitalTheta>
                <orbitalPhi>-85</orbitalPhi>
                <retrograde>false</retrograde>
                <avgTemperature>254</avgTemperature>
                <rotationalPeriod>59226</rotationalPeriod>
                <atmosphereDensity>22</atmosphereDensity>
                <generateCraters>true</generateCraters>
                <generateCaves>false</generateCaves>
                <generateVolcanos>false</generateVolcanos>
                <generateStructures>false</generateStructures>
                <generateGeodes>false</generateGeodes>
                <biomeIds>advancedrocketry:moon;30,advancedrocketry:moondark;30</biomeIds>
            </planet>
        </planet>
        <planet DIMID="7" name="Sol 7">
            <isKnown>false</isKnown>
            <fogColor>1.0,1.0,1.0</fogColor>
            <skyColor>0.8,0.87161404,0.86858356</skyColor>
            <gravitationalMultiplier>127</gravitationalMultiplier>
            <orbitalDistance>149</orbitalDistance>
            <orbitalTheta>214</orbitalTheta>
            <orbitalPhi>167</orbitalPhi>
            <retrograde>false</retrograde>
            <avgTemperature>222</avgTemperature>
            <rotationalPeriod>11579</rotationalPeriod>
            <atmosphereDensity>79</atmosphereDensity>
            <generateCraters>false</generateCraters>
            <generateCaves>false</generateCaves>
            <generateVolcanos>false</generateVolcanos>
            <generateStructures>false</generateStructures>
            <generateGeodes>false</generateGeodes>
            <biomeIds>minecraft:mutated_mesa_clear_rock;30,minecraft:desert;30,minecraft:jungle;30,minecraft:mushroom_island_shore;30,minecraft:mesa;30</biomeIds>
        </planet>
        <planet DIMID="8" name="Sol 8">
            <isKnown>false</isKnown>
            <fogColor>1.0,1.0,1.0</fogColor>
            <skyColor>0.8,0.66183907,0.9050602</skyColor>
            <gravitationalMultiplier>130</gravitationalMultiplier>
            <orbitalDistance>147</orbitalDistance>
            <orbitalTheta>158</orbitalTheta>
            <orbitalPhi>-277</orbitalPhi>
            <retrograde>false</retrograde>
            <avgTemperature>217</avgTemperature>
            <rotationalPeriod>10923</rotationalPeriod>
            <atmosphereDensity>71</atmosphereDensity>
            <generateCraters>true</generateCraters>
            <generateCaves>false</generateCaves>
            <generateVolcanos>false</generateVolcanos>
            <generateStructures>false</generateStructures>
            <generateGeodes>false</generateGeodes>
            <seaLevel>49</seaLevel>
            <biomeIds>minecraft:mutated_redwood_taiga_hills;30,minecraft:mushroom_island_shore;30,minecraft:mutated_desert;30,minecraft:mutated_plains;30,minecraft:plains;10</biomeIds>
        </planet>
        <planet DIMID="9" name="Sol 9">
            <isKnown>false</isKnown>
            <fogColor>1.0,1.0,1.0</fogColor>
            <skyColor>0.8,0.92602587,0.6192931</skyColor>
            <gravitationalMultiplier>130</gravitationalMultiplier>
            <orbitalDistance>111</orbitalDistance>
            <orbitalTheta>199</orbitalTheta>
            <orbitalPhi>-70</orbitalPhi>
            <retrograde>false</retrograde>
            <avgTemperature>309</avgTemperature>
            <rotationalPeriod>10923</rotationalPeriod>
            <atmosphereDensity>165</atmosphereDensity>
            <generateCraters>false</generateCraters>
            <generateCaves>false</generateCaves>
            <generateVolcanos>false</generateVolcanos>
            <generateStructures>true</generateStructures>
            <generateGeodes>true</generateGeodes>
            <biomeIds>minecraft:birch_forest_hills;30,minecraft:mutated_plains;30,minecraft:swampland;10,minecraft:mutated_extreme_hills;30,minecraft:mutated_taiga_cold;30</biomeIds>
        </planet>
        <planet DIMID="10" name="Sol 10">
            <isKnown>false</isKnown>
            <fogColor>1.0,1.0,1.0</fogColor>
            <skyColor>0.8,0.9920559,0.0</skyColor>
            <gravitationalMultiplier>130</gravitationalMultiplier>
            <orbitalDistance>21</orbitalDistance>
            <orbitalTheta>156</orbitalTheta>
            <orbitalPhi>-245</orbitalPhi>
            <retrograde>false</retrograde>
            <avgTemperature>653</avgTemperature>
            <rotationalPeriod>10923</rotationalPeriod>
            <atmosphereDensity>117</atmosphereDensity>
            <generateCraters>false</generateCraters>
            <generateCaves>false</generateCaves>
            <generateVolcanos>true</generateVolcanos>
            <generateStructures>false</generateStructures>
            <generateGeodes>false</generateGeodes>
            <biomeIds>minecraft:mutated_jungle;30,minecraft:mutated_savanna_rock;30,minecraft:mutated_savanna;30,minecraft:savanna_rock;30,minecraft:jungle_hills;30</biomeIds>
            <planet DIMID="11" name="Sol 10: 0">
                <isKnown>false</isKnown>
                <fogColor>1.0,1.0,1.0</fogColor>
                <skyColor>0.8,0.9380129,0.8661483</skyColor>
                <gravitationalMultiplier>52</gravitationalMultiplier>
                <orbitalDistance>129</orbitalDistance>
                <orbitalTheta>226</orbitalTheta>
                <orbitalPhi>-23</orbitalPhi>
                <retrograde>false</retrograde>
                <avgTemperature>225</avgTemperature>
                <rotationalPeriod>161206</rotationalPeriod>
                <atmosphereDensity>27</atmosphereDensity>
                <generateCraters>true</generateCraters>
                <generateCaves>false</generateCaves>
                <generateVolcanos>false</generateVolcanos>
                <generateStructures>false</generateStructures>
                <generateGeodes>false</generateGeodes>
                <biomeIds>minecraft:ice_flats;30</biomeIds>
            </planet>
            <planet DIMID="12" name="Sol 10: 1">
                <isKnown>false</isKnown>
                <fogColor>1.0,1.0,1.0</fogColor>
                <skyColor>0.8,0.9825834,0.80142593</skyColor>
                <gravitationalMultiplier>58</gravitationalMultiplier>
                <orbitalDistance>101</orbitalDistance>
                <orbitalTheta>180</orbitalTheta>
                <orbitalPhi>3</orbitalPhi>
                <retrograde>false</retrograde>
                <avgTemperature>254</avgTemperature>
                <rotationalPeriod>116857</rotationalPeriod>
                <atmosphereDensity>25</atmosphereDensity>
                <generateCraters>true</generateCraters>
                <generateCaves>false</generateCaves>
                <generateVolcanos>false</generateVolcanos>
                <generateStructures>false</generateStructures>
                <generateGeodes>false</generateGeodes>
                <biomeIds>advancedrocketry:moon;30,advancedrocketry:moondark;30</biomeIds>
            </planet>
            <oceanBlock>minecraft:lava</oceanBlock>
        </planet>
        <planet DIMID="13" name="Sol 13">
            <isKnown>false</isKnown>
            <fogColor>1.0,1.0,1.0</fogColor>
            <skyColor>0.8,0.5235979,0.6602463</skyColor>
            <gravitationalMultiplier>130</gravitationalMultiplier>
            <orbitalDistance>77</orbitalDistance>
            <orbitalTheta>43</orbitalTheta>
            <orbitalPhi>-58</orbitalPhi>
            <retrograde>false</retrograde>
            <avgTemperature>291</avgTemperature>
            <rotationalPeriod>10923</rotationalPeriod>
            <atmosphereDensity>0</atmosphereDensity>
            <generateCraters>true</generateCraters>
            <generateCaves>false</generateCaves>
            <generateVolcanos>false</generateVolcanos>
            <generateStructures>false</generateStructures>
            <generateGeodes>false</generateGeodes>
            <biomeIds>advancedrocketry:moon;30,advancedrocketry:moondark;30</biomeIds>
            <planet DIMID="14" name="Sol 13: 0">
                <isKnown>false</isKnown>
                <fogColor>1.0,1.0,1.0</fogColor>
                <skyColor>0.8,0.7951213,0.84276116</skyColor>
                <gravitationalMultiplier>49</gravitationalMultiplier>
                <orbitalDistance>110</orbitalDistance>
                <orbitalTheta>202</orbitalTheta>
                <orbitalPhi>-422</orbitalPhi>
                <retrograde>false</retrograde>
                <avgTemperature>243</avgTemperature>
                <rotationalPeriod>203996</rotationalPeriod>
                <atmosphereDensity>35</atmosphereDensity>
                <generateCraters>true</generateCraters>
                <generateCaves>false</generateCaves>
                <generateVolcanos>false</generateVolcanos>
                <generateStructures>false</generateStructures>
                <generateGeodes>false</generateGeodes>
                <seaLevel>62</seaLevel>
                <biomeIds>minecraft:mutated_savanna;30,minecraft:birch_forest_hills;30,minecraft:ocean;30,minecraft:mutated_mesa;30,minecraft:mutated_jungle;30</biomeIds>
            </planet>
            <planet DIMID="15" name="Sol 13: 1">
                <isKnown>false</isKnown>
                <fogColor>1.0,1.0,1.0</fogColor>
                <skyColor>0.8,0.7241354,1.0</skyColor>
                <gravitationalMultiplier>86</gravitationalMultiplier>
                <orbitalDistance>168</orbitalDistance>
                <orbitalTheta>32</orbitalTheta>
                <orbitalPhi>-377</orbitalPhi>
                <retrograde>false</retrograde>
                <avgTemperature>197</avgTemperature>
                <rotationalPeriod>37732</rotationalPeriod>
                <atmosphereDensity>15</atmosphereDensity>
                <generateCraters>true</generateCraters>
                <generateCaves>false</generateCaves>
                <generateVolcanos>false</generateVolcanos>
                <generateStructures>false</generateStructures>
                <generateGeodes>false</generateGeodes>
                <biomeIds>advancedrocketry:moon;30,advancedrocketry:moondark;30</biomeIds>
            </planet>
        </planet>
    </star>
    <star blackHole="false" name="Wolf 12" numGasGiants="0" numPlanets="0" size="1.0" temp="10" x="300" y="-200">
        <planet DIMID="21" name="Wolf 12 21">
            <isKnown>false</isKnown>
            <fogColor>1.0,1.0,1.0</fogColor>
            <skyColor>0.37357813,0.6334119,1.0</skyColor>
            <gravitationalMultiplier>130</gravitationalMultiplier>
            <orbitalDistance>51</orbitalDistance>
            <orbitalTheta>85</orbitalTheta>
            <orbitalPhi>104</orbitalPhi>
            <retrograde>false</retrograde>
            <avgTemperature>44</avgTemperature>
            <rotationalPeriod>10923</rotationalPeriod>
            <atmosphereDensity>144</atmosphereDensity>
            <generateCraters>false</generateCraters>
            <generateCaves>false</generateCaves>
            <generateVolcanos>false</generateVolcanos>
            <generateStructures>false</generateStructures>
            <generateGeodes>true</generateGeodes>
            <biomeIds>minecraft:mushroom_island_shore;30,minecraft:mesa_clear_rock;30,minecraft:mesa;30,advancedrocketry:oceanspires;30,minecraft:desert_hills;30</biomeIds>
        </planet>
        <planet DIMID="22" name="Wolf 12 22">
            <isKnown>false</isKnown>
            <fogColor>1.0,1.0,1.0</fogColor>
            <skyColor>0.34386647,0.961343,1.0</skyColor>
            <gravitationalMultiplier>130</gravitationalMultiplier>
            <orbitalDistance>120</orbitalDistance>
            <orbitalTheta>285</orbitalTheta>
            <orbitalPhi>-105</orbitalPhi>
            <retrograde>false</retrograde>
            <avgTemperature>26</avgTemperature>
            <rotationalPeriod>10923</rotationalPeriod>
            <atmosphereDensity>105</atmosphereDensity>
            <generateCraters>false</generateCraters>
            <generateCaves>false</generateCaves>
            <generateVolcanos>false</generateVolcanos>
            <generateStructures>false</generateStructures>
            <generateGeodes>false</generateGeodes>
            <biomeIds>minecraft:birch_forest;10,minecraft:forest;10,minecraft:ocean;30,minecraft:deep_ocean;30,minecraft:mutated_birch_forest_hills;30</biomeIds>
            <planet DIMID="23" name="Wolf 12 22: 0">
                <isKnown>false</isKnown>
                <fogColor>1.0,1.0,1.0</fogColor>
                <skyColor>0.30953652,0.9280083,1.0</skyColor>
                <gravitationalMultiplier>61</gravitationalMultiplier>
                <orbitalDistance>129</orbitalDistance>
                <orbitalTheta>293</orbitalTheta>
                <orbitalPhi>57</orbitalPhi>
                <retrograde>false</retrograde>
                <avgTemperature>22</avgTemperature>
                <rotationalPeriod>105735</rotationalPeriod>
                <atmosphereDensity>18</atmosphereDensity>
                <generateCraters>true</generateCraters>
                <generateCaves>false</generateCaves>
                <generateVolcanos>false</generateVolcanos>
                <generateStructures>false</generateStructures>
                <generateGeodes>false</generateGeodes>
                <biomeIds>advancedrocketry:moon;30,advancedrocketry:moondark;30</biomeIds>
            </planet>
        </planet>
        <planet DIMID="24" name="Wolf 12 24">
            <isKnown>false</isKnown>
            <fogColor>1.0,1.0,1.0</fogColor>
            <skyColor>0.26245117,0.66685504,1.0</skyColor>
            <gravitationalMultiplier>94</gravitationalMultiplier>
            <orbitalDistance>186</orbitalDistance>
            <orbitalTheta>271</orbitalTheta>
            <orbitalPhi>-138</orbitalPhi>
            <retrograde>false</retrograde>
            <avgTemperature>18</avgTemperature>
            <rotationalPeriod>28439</rotationalPeriod>
            <atmosphereDensity>61</atmosphereDensity>
            <generateCraters>true</generateCraters>
            <generateCaves>false</generateCaves>
            <generateVolcanos>false</generateVolcanos>
            <generateStructures>false</generateStructures>
            <generateGeodes>false</generateGeodes>
            <biomeIds>minecraft:mutated_forest;30,minecraft:mutated_savanna;30,minecraft:mutated_savanna_rock;30,minecraft:mutated_extreme_hills;30,minecraft:savanna;30</biomeIds>
        </planet>
        <planet DIMID="25" name="Wolf 12 25">
            <isKnown>false</isKnown>
            <fogColor>1.0,1.0,1.0</fogColor>
            <skyColor>0.3310117,0.56740737,1.0</skyColor>
            <gravitationalMultiplier>130</gravitationalMultiplier>
            <orbitalDistance>119</orbitalDistance>
            <orbitalTheta>156</orbitalTheta>
            <orbitalPhi>9</orbitalPhi>
            <retrograde>false</retrograde>
            <avgTemperature>31</avgTemperature>
            <rotationalPeriod>10923</rotationalPeriod>
            <atmosphereDensity>200</atmosphereDensity>
            <generateCraters>false</generateCraters>
            <generateCaves>false</generateCaves>
            <generateVolcanos>false</generateVolcanos>
            <generateStructures>false</generateStructures>
            <generateGeodes>true</generateGeodes>
            <biomeIds>minecraft:extreme_hills;10,minecraft:extreme_hills_with_trees;30,minecraft:beaches;30,minecraft:mutated_mesa_clear_rock;30,minecraft:mutated_redwood_taiga;30</biomeIds>
            <planet DIMID="26" name="Wolf 12 25: 0">
                <isKnown>false</isKnown>
                <fogColor>1.0,1.0,1.0</fogColor>
                <skyColor>0.28728282,0.75374746,1.0</skyColor>
                <gravitationalMultiplier>54</gravitationalMultiplier>
                <orbitalDistance>168</orbitalDistance>
                <orbitalTheta>205</orbitalTheta>
                <orbitalPhi>-64</orbitalPhi>
                <retrograde>false</retrograde>
                <avgTemperature>19</avgTemperature>
                <rotationalPeriod>152415</rotationalPeriod>
                <atmosphereDensity>27</atmosphereDensity>
                <generateCraters>true</generateCraters>
                <generateCaves>false</generateCaves>
                <generateVolcanos>false</generateVolcanos>
                <generateStructures>false</generateStructures>
                <generateGeodes>false</generateGeodes>
                <biomeIds>minecraft:mushroom_island_shore;30,minecraft:beaches;30,minecraft:plains;10,minecraft:desert;30,minecraft:mutated_extreme_hills;30</biomeIds>
            </planet>
            <planet DIMID="27" name="Wolf 12 25: 1">
                <isKnown>false</isKnown>
                <fogColor>1.0,1.0,1.0</fogColor>
                <skyColor>0.35786378,0.9857396,1.0</skyColor>
                <gravitationalMultiplier>82</gravitationalMultiplier>
                <orbitalDistance>195</orbitalDistance>
                <orbitalTheta>256</orbitalTheta>
                <orbitalPhi>-399</orbitalPhi>
                <retrograde>false</retrograde>
                <avgTemperature>18</avgTemperature>
                <rotationalPeriod>43528</rotationalPeriod>
                <atmosphereDensity>18</atmosphereDensity>
                <generateCraters>true</generateCraters>
                <generateCaves>false</generateCaves>
                <generateVolcanos>false</generateVolcanos>
                <generateStructures>false</generateStructures>
                <generateGeodes>false</generateGeodes>
                <biomeIds>advancedrocketry:moon;30,advancedrocketry:moondark;30</biomeIds>
            </planet>
        </planet>
        <planet DIMID="28" name="Wolf 12 28">
            <isKnown>false</isKnown>
            <fogColor>1.0,1.0,1.0</fogColor>
            <skyColor>0.38092482,0.66804326,1.0</skyColor>
            <gravitationalMultiplier>90</gravitationalMultiplier>
            <orbitalDistance>55</orbitalDistance>
            <orbitalTheta>119</orbitalTheta>
            <orbitalPhi>0</orbitalPhi>
            <retrograde>false</retrograde>
            <avgTemperature>41</avgTemperature>
            <rotationalPeriod>32379</rotationalPeriod>
            <atmosphereDensity>131</atmosphereDensity>
            <generateCraters>false</generateCraters>
            <generateCaves>false</generateCaves>
            <generateVolcanos>false</generateVolcanos>
            <generateStructures>false</generateStructures>
            <generateGeodes>true</generateGeodes>
            <biomeIds>minecraft:mutated_extreme_hills_with_trees;30,minecraft:stone_beach;30,minecraft:mutated_birch_forest;30,advancedrocketry:volcanicbarren;30,minecraft:forest;10</biomeIds>
        </planet>
    </star>
    <star blackHole="false" name="Epsilon ire" numGasGiants="0" numPlanets="0" size="1.0" temp="170" x="-200" y="80">
        <planet DIMID="33" name="Epsilon ire 33">
            <isKnown>false</isKnown>
            <fogColor>1.0,1.0,1.0</fogColor>
            <skyColor>0.8,0.7537786,0.4802853</skyColor>
            <gravitationalMultiplier>107</gravitationalMultiplier>
            <orbitalDistance>164</orbitalDistance>
            <orbitalTheta>321</orbitalTheta>
            <orbitalPhi>86</orbitalPhi>
            <retrograde>false</retrograde>
            <avgTemperature>339</avgTemperature>
            <rotationalPeriod>19319</rotationalPeriod>
            <atmosphereDensity>1</atmosphereDensity>
            <generateCraters>true</generateCraters>
            <generateCaves>false</generateCaves>
            <generateVolcanos>false</generateVolcanos>
            <generateStructures>false</generateStructures>
            <generateGeodes>false</generateGeodes>
            <biomeIds>advancedrocketry:moon;30,advancedrocketry:moondark;30</biomeIds>
            <planet DIMID="34" name="Epsilon ire 33: 0">
                <isKnown>false</isKnown>
                <fogColor>1.0,1.0,1.0</fogColor>
                <skyColor>0.8,0.8695737,0.36268014</skyColor>
                <gravitationalMultiplier>75</gravitationalMultiplier>
                <orbitalDistance>135</orbitalDistance>
                <orbitalTheta>221</orbitalTheta>
                <orbitalPhi>-226</orbitalPhi>
                <retrograde>false</retrograde>
                <avgTemperature>374</avgTemperature>
                <rotationalPeriod>56888</rotationalPeriod>
                <atmosphereDensity>23</atmosphereDensity>
                <generateCraters>true</generateCraters>
                <generateCaves>false</generateCaves>
                <generateVolcanos>false</generateVolcanos>
                <generateStructures>false</generateStructures>
                <generateGeodes>false</generateGeodes>
                <biomeIds>advancedrocketry:moon;30,advancedrocketry:moondark;30</biomeIds>
            </planet>
            <planet DIMID="35" name="Epsilon ire 33: 1">
                <isKnown>false</isKnown>
                <fogColor>1.0,1.0,1.0</fogColor>
                <skyColor>0.8,0.6813982,0.5371243</skyColor>
                <gravitationalMultiplier>33</gravitationalMultiplier>
                <orbitalDistance>166</orbitalDistance>
                <orbitalTheta>261</orbitalTheta>
                <orbitalPhi>-200</orbitalPhi>
                <retrograde>false</retrograde>
                <avgTemperature>337</avgTemperature>
                <rotationalPeriod>667835</rotationalPeriod>
                <atmosphereDensity>15</atmosphereDensity>
                <generateCraters>true</generateCraters>
                <generateCaves>false</generateCaves>
                <generateVolcanos>false</generateVolcanos>
                <generateStructures>false</generateStructures>
                <generateGeodes>false</generateGeodes>
                <biomeIds>advancedrocketry:moon;30,advancedrocketry:moondark;30</biomeIds>
            </planet>
            <planet DIMID="36" name="Epsilon ire 33: 2">
                <isKnown>false</isKnown>
                <fogColor>1.0,1.0,1.0</fogColor>
                <skyColor>0.8,0.6513474,0.2748794</skyColor>
                <gravitationalMultiplier>54</gravitationalMultiplier>
                <orbitalDistance>113</orbitalDistance>
                <orbitalTheta>113</orbitalTheta>
                <orbitalPhi>-167</orbitalPhi>
                <retrograde>false</retrograde>
                <avgTemperature>409</avgTemperature>
                <rotationalPeriod>152415</rotationalPeriod>
                <atmosphereDensity>19</atmosphereDensity>
                <generateCraters>true</generateCraters>
                <generateCaves>false</generateCaves>
                <generateVolcanos>false</generateVolcanos>
                <generateStructures>false</generateStructures>
                <generateGeodes>false</generateGeodes>
                <biomeIds>advancedrocketry:moon;30,advancedrocketry:moondark;30</biomeIds>
            </planet>
        </planet>
        <planet DIMID="37" name="Epsilon ire 37">
            <isKnown>false</isKnown>
            <fogColor>1.0,1.0,1.0</fogColor>
            <skyColor>0.8,0.60336447,0.0</skyColor>
            <gravitationalMultiplier>88</gravitationalMultiplier>
            <orbitalDistance>75</orbitalDistance>
            <orbitalTheta>354</orbitalTheta>
            <orbitalPhi>-161</orbitalPhi>
            <retrograde>false</retrograde>
            <avgTemperature>594</avgTemperature>
            <rotationalPeriod>34624</rotationalPeriod>
            <atmosphereDensity>123</atmosphereDensity>
            <generateCraters>false</generateCraters>
            <generateCaves>false</generateCaves>
            <generateVolcanos>true</generateVolcanos>
            <generateStructures>false</generateStructures>
            <generateGeodes>false</generateGeodes>
            <biomeIds>minecraft:mutated_mesa_rock;30,minecraft:jungle_hills;30,minecraft:savanna_rock;30,advancedrocketry:marsh;30,minecraft:jungle;30</biomeIds>
            <oceanBlock>minecraft:lava</oceanBlock>
        </planet>
        <planet DIMID="38" name="Epsilon ire 38">
            <isKnown>false</isKnown>
            <fogColor>1.0,1.0,1.0</fogColor>
            <skyColor>0.8,0.8326255,0.0</skyColor>
            <gravitationalMultiplier>129</gravitationalMultiplier>
            <orbitalDistance>95</orbitalDistance>
            <orbitalTheta>9</orbitalTheta>
            <orbitalPhi>-251</orbitalPhi>
            <retrograde>false</retrograde>
            <avgTemperature>525</avgTemperature>
            <rotationalPeriod>11051</rotationalPeriod>
            <atmosphereDensity>120</atmosphereDensity>
            <generateCraters>false</generateCraters>
            <generateCaves>false</generateCaves>
            <generateVolcanos>true</generateVolcanos>
            <generateStructures>false</generateStructures>
            <generateGeodes>false</generateGeodes>
            <biomeIds>minecraft:mutated_mesa;30,minecraft:mutated_desert;30,minecraft:jungle;30,minecraft:mutated_mesa_rock;30,minecraft:ocean;30</biomeIds>
            <planet DIMID="39" name="Epsilon ire 38: 0">
                <isKnown>false</isKnown>
                <fogColor>1.0,1.0,1.0</fogColor>
                <skyColor>0.8,0.9784671,0.33392596</skyColor>
                <gravitationalMultiplier>56</gravitationalMultiplier>
                <orbitalDistance>127</orbitalDistance>
                <orbitalTheta>178</orbitalTheta>
                <orbitalPhi>-454</orbitalPhi>
                <retrograde>false</retrograde>
                <avgTemperature>385</avgTemperature>
                <rotationalPeriod>136661</rotationalPeriod>
                <atmosphereDensity>25</atmosphereDensity>
                <generateCraters>true</generateCraters>
                <generateCaves>false</generateCaves>
                <generateVolcanos>false</generateVolcanos>
                <generateStructures>false</generateStructures>
                <generateGeodes>false</generateGeodes>
                <biomeIds>advancedrocketry:moon;30,advancedrocketry:moondark;30</biomeIds>
            </planet>
            <planet DIMID="40" name="Epsilon ire 38: 1">
                <isKnown>false</isKnown>
                <fogColor>1.0,1.0,1.0</fogColor>
                <skyColor>0.8,0.80379516,0.5669949</skyColor>
                <gravitationalMultiplier>76</gravitationalMultiplier>
                <orbitalDistance>178</orbitalDistance>
                <orbitalTheta>166</orbitalTheta>
                <orbitalPhi>-115</orbitalPhi>
                <retrograde>false</retrograde>
                <avgTemperature>325</avgTemperature>
                <rotationalPeriod>54672</rotationalPeriod>
                <atmosphereDensity>15</atmosphereDensity>
                <generateCraters>true</generateCraters>
                <generateCaves>false</generateCaves>
                <generateVolcanos>false</generateVolcanos>
                <generateStructures>false</generateStructures>
                <generateGeodes>false</generateGeodes>
                <biomeIds>advancedrocketry:moon;30,advancedrocketry:moondark;30</biomeIds>
            </planet>
            <oceanBlock>minecraft:lava</oceanBlock>
        </planet>
        <planet DIMID="41" name="Epsilon ire 41">
            <isKnown>false</isKnown>
            <fogColor>1.0,1.0,1.0</fogColor>
            <skyColor>0.8,0.8283849,0.4651146</skyColor>
            <gravitationalMultiplier>130</gravitationalMultiplier>
            <orbitalDistance>147</orbitalDistance>
            <orbitalTheta>14</orbitalTheta>
            <orbitalPhi>222</orbitalPhi>
            <retrograde>false</retrograde>
            <avgTemperature>358</avgTemperature>
            <rotationalPeriod>10923</rotationalPeriod>
            <atmosphereDensity>46</atmosphereDensity>
            <generateCraters>true</generateCraters>
            <generateCaves>false</generateCaves>
            <generateVolcanos>false</generateVolcanos>
            <generateStructures>false</generateStructures>
            <generateGeodes>false</generateGeodes>
            <biomeIds>minecraft:mutated_birch_forest;30,minecraft:mutated_savanna;30,minecraft:mutated_mesa_rock;30,minecraft:deep_ocean;30,advancedrocketry:oceanspires;30</biomeIds>
            <planet DIMID="42" name="Epsilon ire 41: 0">
                <isKnown>false</isKnown>
                <fogColor>1.0,1.0,1.0</fogColor>
                <skyColor>0.8,0.85246104,0.41314787</skyColor>
                <gravitationalMultiplier>84</gravitationalMultiplier>
                <orbitalDistance>142</orbitalDistance>
                <orbitalTheta>160</orbitalTheta>
                <orbitalPhi>-204</orbitalPhi>
                <retrograde>false</retrograde>
                <avgTemperature>364</avgTemperature>
                <rotationalPeriod>40492</rotationalPeriod>
                <atmosphereDensity>33</atmosphereDensity>
                <generateCraters>true</generateCraters>
                <generateCaves>false</generateCaves>
                <generateVolcanos>false</generateVolcanos>
                <generateStructures>false</generateStructures>
                <generateGeodes>false</generateGeodes>
                <biomeIds>minecraft:mutated_redwood_taiga;30,advancedrocketry:marsh;30,minecraft:mesa_clear_rock;30,minecraft:jungle_edge;30,minecraft:mutated_birch_forest;30</biomeIds>
            </planet>
            <planet DIMID="43" name="Epsilon ire 41: 1">
                <isKnown>false</isKnown>
                <fogColor>1.0,1.0,1.0</fogColor>
                <skyColor>0.8,0.63021713,0.41378444</skyColor>
                <gravitationalMultiplier>76</gravitationalMultiplier>
                <orbitalDistance>146</orbitalDistance>
                <orbitalTheta>108</orbitalTheta>
                <orbitalPhi>-259</orbitalPhi>
                <retrograde>false</retrograde>
                <avgTemperature>359</avgTemperature>
                <rotationalPeriod>54672</rotationalPeriod>
                <atmosphereDensity>33</atmosphereDensity>
                <generateCraters>true</generateCraters>
                <generateCaves>false</generateCaves>
                <generateVolcanos>false</generateVolcanos>
                <generateStructures>false</generateStructures>
                <generateGeodes>false</generateGeodes>
                <biomeIds>minecraft:mutated_savanna_rock;30,minecraft:desert_hills;30,minecraft:mutated_birch_forest_hills;30,minecraft:jungle_edge;30,minecraft:savanna_rock;30</biomeIds>
            </planet>
            <planet DIMID="44" name="Epsilon ire 41: 2">
                <isKnown>false</isKnown>
                <fogColor>1.0,1.0,1.0</fogColor>
                <skyColor>0.8,0.71476626,0.34996474</skyColor>
                <gravitationalMultiplier>43</gravitationalMultiplier>
                <orbitalDistance>121</orbitalDistance>
                <orbitalTheta>49</orbitalTheta>
                <orbitalPhi>-156</orbitalPhi>
                <retrograde>false</retrograde>
                <avgTemperature>395</avgTemperature>
                <rotationalPeriod>301860</rotationalPeriod>
                <atmosphereDensity>18</atmosphereDensity>
                <generateCraters>true</generateCraters>
                <generateCaves>false</generateCaves>
                <generateVolcanos>false</generateVolcanos>
                <generateStructures>false</generateStructures>
                <generateGeodes>false</generateGeodes>
                <biomeIds>advancedrocketry:moon;30,advancedrocketry:moondark;30</biomeIds>
            </planet>
        </planet>
        <planet DIMID="29" name="Epsilon ire 29">
            <isKnown>false</isKnown>
            <fogColor>1.0,1.0,1.0</fogColor>
            <skyColor>0.8,0.5579981,0.0</skyColor>
            <gravitationalMultiplier>108</gravitationalMultiplier>
            <orbitalDistance>66</orbitalDistance>
            <orbitalTheta>225</orbitalTheta>
            <orbitalPhi>165</orbitalPhi>
            <retrograde>false</retrograde>
            <avgTemperature>696</avgTemperature>
            <rotationalPeriod>18789</rotationalPeriod>
            <atmosphereDensity>179</atmosphereDensity>
            <generateCraters>false</generateCraters>
            <generateCaves>false</generateCaves>
            <generateVolcanos>true</generateVolcanos>
            <generateStructures>false</generateStructures>
            <generateGeodes>true</generateGeodes>
            <biomeIds>minecraft:deep_ocean;30,minecraft:mutated_savanna_rock;30,minecraft:jungle;30,minecraft:desert_hills;30,minecraft:mutated_jungle_edge;30</biomeIds>
            <oceanBlock>minecraft:lava</oceanBlock>
        </planet>
        <planet DIMID="45" name="Epsilon ire 45">
            <isKnown>false</isKnown>
            <fogColor>1.0,1.0,1.0</fogColor>
            <skyColor>0.8,0.57563686,0.0</skyColor>
            <gravitationalMultiplier>117</gravitationalMultiplier>
            <orbitalDistance>117</orbitalDistance>
            <orbitalTheta>158</orbitalTheta>
            <orbitalPhi>-103</orbitalPhi>
            <retrograde>false</retrograde>
            <avgTemperature>537</avgTemperature>
            <rotationalPeriod>14794</rotationalPeriod>
            <atmosphereDensity>200</atmosphereDensity>
            <generateCraters>false</generateCraters>
            <generateCaves>false</generateCaves>
            <generateVolcanos>true</generateVolcanos>
            <generateStructures>false</generateStructures>
            <generateGeodes>true</generateGeodes>
            <biomeIds>minecraft:mutated_jungle;30,minecraft:mutated_savanna;30,minecraft:jungle_edge;30,minecraft:mutated_mesa_rock;30,minecraft:mutated_jungle_edge;30</biomeIds>
            <oceanBlock>minecraft:lava</oceanBlock>
        </planet>
        <planet DIMID="30" name="Epsilon ire 30">
            <isKnown>false</isKnown>
            <fogColor>1.0,1.0,1.0</fogColor>
            <skyColor>0.8,0.6786159,0.3286649</skyColor>
            <gravitationalMultiplier>130</gravitationalMultiplier>
            <orbitalDistance>146</orbitalDistance>
            <orbitalTheta>321</orbitalTheta>
            <orbitalPhi>-342</orbitalPhi>
            <retrograde>false</retrograde>
            <avgTemperature>386</avgTemperature>
            <rotationalPeriod>10923</rotationalPeriod>
            <atmosphereDensity>83</atmosphereDensity>
            <generateCraters>false</generateCraters>
            <generateCaves>false</generateCaves>
            <generateVolcanos>false</generateVolcanos>
            <generateStructures>true</generateStructures>
            <generateGeodes>false</generateGeodes>
            <biomeIds>minecraft:forest_hills;30,minecraft:mushroom_island_shore;30,minecraft:savanna_rock;30,minecraft:mutated_plains;30,minecraft:jungle;30</biomeIds>
            <planet DIMID="32" name="Epsilon ire 30: 1">
                <isKnown>false</isKnown>
                <fogColor>1.0,1.0,1.0</fogColor>
                <skyColor>0.8,0.59876484,0.34514046</skyColor>
                <gravitationalMultiplier>84</gravitationalMultiplier>
                <orbitalDistance>126</orbitalDistance>
                <orbitalTheta>12</orbitalTheta>
                <orbitalPhi>-150</orbitalPhi>
                <retrograde>false</retrograde>
                <avgTemperature>387</avgTemperature>
                <rotationalPeriod>40492</rotationalPeriod>
                <atmosphereDensity>21</atmosphereDensity>
                <generateCraters>true</generateCraters>
                <generateCaves>false</generateCaves>
                <generateVolcanos>false</generateVolcanos>
                <generateStructures>false</generateStructures>
                <generateGeodes>false</generateGeodes>
                <seaLevel>74</seaLevel>
                <biomeIds>advancedrocketry:moon;30,advancedrocketry:moondark;30</biomeIds>
            </planet>
            <planet DIMID="31" name="Epsilon ire 30: 0">
                <isKnown>false</isKnown>
                <fogColor>1.0,1.0,1.0</fogColor>
                <skyColor>0.8,0.6706614,0.4248426</skyColor>
                <gravitationalMultiplier>52</gravitationalMultiplier>
                <orbitalDistance>144</orbitalDistance>
                <orbitalTheta>101</orbitalTheta>
                <orbitalPhi>-78</orbitalPhi>
                <retrograde>false</retrograde>
                <avgTemperature>362</avgTemperature>
                <rotationalPeriod>161206</rotationalPeriod>
                <atmosphereDensity>25</atmosphereDensity>
                <generateCraters>true</generateCraters>
                <generateCaves>false</generateCaves>
                <generateVolcanos>false</generateVolcanos>
                <generateStructures>false</generateStructures>
                <generateGeodes>false</generateGeodes>
                <seaLevel>70</seaLevel>
                <biomeIds>advancedrocketry:moon;30,advancedrocketry:moondark;30</biomeIds>
            </planet>
        </planet>
    </star>
    <star blackHole="false" name="Proxima Centaurs" numGasGiants="0" numPlanets="0" size="1.0" temp="200" x="-150" y="250">
        <planet DIMID="50" name="Proxima Centaurs 50">
            <isKnown>false</isKnown>
            <fogColor>1.0,1.0,1.0</fogColor>
            <skyColor>0.8,0.726062,0.3431995</skyColor>
            <gravitationalMultiplier>106</gravitationalMultiplier>
            <orbitalDistance>177</orbitalDistance>
            <orbitalTheta>47</orbitalTheta>
            <orbitalPhi>-80</orbitalPhi>
            <retrograde>false</retrograde>
            <avgTemperature>384</avgTemperature>
            <rotationalPeriod>19868</rotationalPeriod>
            <atmosphereDensity>26</atmosphereDensity>
            <generateCraters>true</generateCraters>
            <generateCaves>false</generateCaves>
            <generateVolcanos>false</generateVolcanos>
            <generateStructures>false</generateStructures>
            <generateGeodes>false</generateGeodes>
            <biomeIds>minecraft:forest;10,minecraft:mutated_mesa;30,minecraft:mutated_extreme_hills;30,minecraft:mutated_redwood_taiga;30,minecraft:mutated_desert;30</biomeIds>
            <planet DIMID="51" name="Proxima Centaurs 50: 0">
                <isKnown>false</isKnown>
                <fogColor>1.0,1.0,1.0</fogColor>
                <skyColor>0.8,0.71781343,0.2877841</skyColor>
                <gravitationalMultiplier>69</gravitationalMultiplier>
                <orbitalDistance>147</orbitalDistance>
                <orbitalTheta>101</orbitalTheta>
                <orbitalPhi>-321</orbitalPhi>
                <retrograde>false</retrograde>
                <avgTemperature>422</avgTemperature>
                <rotationalPeriod>73057</rotationalPeriod>
                <atmosphereDensity>29</atmosphereDensity>
                <generateCraters>true</generateCraters>
                <generateCaves>false</generateCaves>
                <generateVolcanos>false</generateVolcanos>
                <generateStructures>false</generateStructures>
                <generateGeodes>false</generateGeodes>
                <biomeIds>minecraft:ocean;30,minecraft:mutated_savanna;30,advancedrocketry:oceanspires;30,minecraft:mutated_roofed_forest;30,minecraft:mutated_forest;30</biomeIds>
            </planet>
            <planet DIMID="52" name="Proxima Centaurs 50: 1">
                <isKnown>false</isKnown>
                <fogColor>1.0,1.0,1.0</fogColor>
                <skyColor>0.8,0.53943676,0.13145429</skyColor>
                <gravitationalMultiplier>39</gravitationalMultiplier>
                <orbitalDistance>122</orbitalDistance>
                <orbitalTheta>156</orbitalTheta>
                <orbitalPhi>-413</orbitalPhi>
                <retrograde>false</retrograde>
                <avgTemperature>463</avgTemperature>
                <rotationalPeriod>404592</rotationalPeriod>
                <atmosphereDensity>14</atmosphereDensity>
                <generateCraters>true</generateCraters>
                <generateCaves>false</generateCaves>
                <generateVolcanos>true</generateVolcanos>
                <generateStructures>false</generateStructures>
                <generateGeodes>false</generateGeodes>
                <biomeIds>advancedrocketry:moon;30,advancedrocketry:moondark;30</biomeIds>
                <oceanBlock>minecraft:lava</oceanBlock>
            </planet>
            <planet DIMID="53" name="Proxima Centaurs 50: 2">
                <isKnown>false</isKnown>
                <fogColor>1.0,1.0,1.0</fogColor>
                <skyColor>0.8,0.9960535,0.3341334</skyColor>
                <gravitationalMultiplier>43</gravitationalMultiplier>
                <orbitalDistance>173</orbitalDistance>
                <orbitalTheta>244</orbitalTheta>
                <orbitalPhi>-332</orbitalPhi>
                <retrograde>false</retrograde>
                <avgTemperature>389</avgTemperature>
                <rotationalPeriod>301860</rotationalPeriod>
                <atmosphereDensity>20</atmosphereDensity>
                <generateCraters>true</generateCraters>
                <generateCaves>false</generateCaves>
                <generateVolcanos>false</generateVolcanos>
                <generateStructures>false</generateStructures>
                <generateGeodes>false</generateGeodes>
                <biomeIds>advancedrocketry:moon;30,advancedrocketry:moondark;30</biomeIds>
            </planet>
        </planet>
        <planet DIMID="46" name="Proxima Centaurs 46">
            <isKnown>false</isKnown>
            <fogColor>1.0,1.0,1.0</fogColor>
            <skyColor>0.8,0.5790639,0.0</skyColor>
            <gravitationalMultiplier>111</gravitationalMultiplier>
            <orbitalDistance>66</orbitalDistance>
            <orbitalTheta>226</orbitalTheta>
            <orbitalPhi>-302</orbitalPhi>
            <retrograde>false</retrograde>
            <avgTemperature>790</avgTemperature>
            <rotationalPeriod>17313</rotationalPeriod>
            <atmosphereDensity>155</atmosphereDensity>
            <generateCraters>false</generateCraters>
            <generateCaves>false</generateCaves>
            <generateVolcanos>true</generateVolcanos>
            <generateStructures>false</generateStructures>
            <generateGeodes>true</generateGeodes>
            <biomeIds>minecraft:mutated_mesa_clear_rock;30,minecraft:mutated_savanna;30,minecraft:desert;30,minecraft:desert_hills;30,minecraft:mutated_mesa_rock;30</biomeIds>
            <oceanBlock>minecraft:lava</oceanBlock>
        </planet>
        <planet DIMID="47" name="Proxima Centaurs 47">
            <isKnown>false</isKnown>
            <fogColor>1.0,1.0,1.0</fogColor>
            <skyColor>0.8,0.78932583,0.0</skyColor>
            <gravitationalMultiplier>101</gravitationalMultiplier>
            <orbitalDistance>92</orbitalDistance>
            <orbitalTheta>357</orbitalTheta>
            <orbitalPhi>-123</orbitalPhi>
            <retrograde>false</retrograde>
            <avgTemperature>533</avgTemperature>
            <rotationalPeriod>22951</rotationalPeriod>
            <atmosphereDensity>61</atmosphereDensity>
            <generateCraters>true</generateCraters>
            <generateCaves>false</generateCaves>
            <generateVolcanos>true</generateVolcanos>
            <generateStructures>false</generateStructures>
            <generateGeodes>false</generateGeodes>
            <biomeIds>advancedrocketry:oceanspires;30,minecraft:desert;30,minecraft:ocean;30,minecraft:mutated_jungle;30,minecraft:mutated_savanna;30</biomeIds>
            <planet DIMID="48" name="Proxima Centaurs 47: 0">
                <isKnown>false</isKnown>
                <fogColor>1.0,1.0,1.0</fogColor>
                <skyColor>0.8,0.59410757,0.111382425</skyColor>
                <gravitationalMultiplier>71</gravitationalMultiplier>
                <orbitalDistance>129</orbitalDistance>
                <orbitalTheta>71</orbitalTheta>
                <orbitalPhi>121</orbitalPhi>
                <retrograde>false</retrograde>
                <avgTemperature>450</avgTemperature>
                <rotationalPeriod>67055</rotationalPeriod>
                <atmosphereDensity>37</atmosphereDensity>
                <generateCraters>true</generateCraters>
                <generateCaves>false</generateCaves>
                <generateVolcanos>false</generateVolcanos>
                <generateStructures>false</generateStructures>
                <generateGeodes>false</generateGeodes>
                <biomeIds>minecraft:jungle_hills;30,minecraft:mutated_savanna;30,minecraft:extreme_hills;10,minecraft:mutated_swampland;30,minecraft:deep_ocean;30</biomeIds>
            </planet>
            <planet DIMID="49" name="Proxima Centaurs 47: 1">
                <isKnown>false</isKnown>
                <fogColor>1.0,1.0,1.0</fogColor>
                <skyColor>0.8,0.8053536,0.4682436</skyColor>
                <gravitationalMultiplier>58</gravitationalMultiplier>
                <orbitalDistance>196</orbitalDistance>
                <orbitalTheta>324</orbitalTheta>
                <orbitalPhi>-380</orbitalPhi>
                <retrograde>false</retrograde>
                <avgTemperature>365</avgTemperature>
                <rotationalPeriod>116857</rotationalPeriod>
                <atmosphereDensity>24</atmosphereDensity>
                <generateCraters>true</generateCraters>
                <generateCaves>false</generateCaves>
                <generateVolcanos>false</generateVolcanos>
                <generateStructures>false</generateStructures>
                <generateGeodes>false</generateGeodes>
                <biomeIds>advancedrocketry:moon;30,advancedrocketry:moondark;30</biomeIds>
            </planet>
            <oceanBlock>minecraft:lava</oceanBlock>
        </planet>
    </star>
    <star blackHole="false" name="Magnis Vulpes" numGasGiants="0" numPlanets="0" size="1.0" temp="70" x="-150" y="-250">
        <planet DIMID="54" name="Magnis Vulpes 54">
            <isKnown>false</isKnown>
            <fogColor>1.0,1.0,1.0</fogColor>
            <skyColor>0.8,0.9807508,0.9020441</skyColor>
            <gravitationalMultiplier>130</gravitationalMultiplier>
            <orbitalDistance>94</orbitalDistance>
            <orbitalTheta>356</orbitalTheta>
            <orbitalPhi>-159</orbitalPhi>
            <retrograde>false</retrograde>
            <avgTemperature>236</avgTemperature>
            <rotationalPeriod>10923</rotationalPeriod>
            <atmosphereDensity>167</atmosphereDensity>
            <generateCraters>false</generateCraters>
            <generateCaves>false</generateCaves>
            <generateVolcanos>false</generateVolcanos>
            <generateStructures>false</generateStructures>
            <generateGeodes>true</generateGeodes>
            <biomeIds>minecraft:birch_forest_hills;30,minecraft:forest;10,minecraft:mutated_mesa_rock;30,minecraft:mutated_mesa;30,minecraft:mutated_desert;30</biomeIds>
        </planet>
        <planet DIMID="55" name="Magnis Vulpes 55">
            <isKnown>false</isKnown>
            <fogColor>1.0,1.0,1.0</fogColor>
            <skyColor>0.8,0.63713443,1.0</skyColor>
            <gravitationalMultiplier>125</gravitationalMultiplier>
            <orbitalDistance>168</orbitalDistance>
            <orbitalTheta>347</orbitalTheta>
            <orbitalPhi>-158</orbitalPhi>
            <retrograde>false</retrograde>
            <avgTemperature>160</avgTemperature>
            <rotationalPeriod>12141</rotationalPeriod>
            <atmosphereDensity>114</atmosphereDensity>
            <generateCraters>false</generateCraters>
            <generateCaves>false</generateCaves>
            <generateVolcanos>false</generateVolcanos>
            <generateStructures>false</generateStructures>
            <generateGeodes>false</generateGeodes>
            <seaLevel>57</seaLevel>
            <biomeIds>minecraft:mutated_roofed_forest;30,minecraft:extreme_hills_with_trees;30,minecraft:mesa_rock;30,minecraft:jungle_edge;30,minecraft:swampland;10</biomeIds>
            <planet DIMID="56" name="Magnis Vulpes 55: 0">
                <isKnown>false</isKnown>
                <fogColor>1.0,1.0,1.0</fogColor>
                <skyColor>0.6634985,0.7683964,1.0</skyColor>
                <gravitationalMultiplier>52</gravitationalMultiplier>
                <orbitalDistance>197</orbitalDistance>
                <orbitalTheta>307</orbitalTheta>
                <orbitalPhi>365</orbitalPhi>
                <retrograde>false</retrograde>
                <avgTemperature>127</avgTemperature>
                <rotationalPeriod>170687</rotationalPeriod>
                <atmosphereDensity>13</atmosphereDensity>
                <generateCraters>true</generateCraters>
                <generateCaves>false</generateCaves>
                <generateVolcanos>false</generateVolcanos>
                <generateStructures>false</generateStructures>
                <generateGeodes>false</generateGeodes>
                <seaLevel>67</seaLevel>
                <biomeIds>advancedrocketry:moon;30,advancedrocketry:moondark;30</biomeIds>
            </planet>
            <planet DIMID="57" name="Magnis Vulpes 55: 1">
                <isKnown>false</isKnown>
                <fogColor>1.0,1.0,1.0</fogColor>
                <skyColor>0.732468,0.5842501,1.0</skyColor>
                <gravitationalMultiplier>38</gravitationalMultiplier>
                <orbitalDistance>141</orbitalDistance>
                <orbitalTheta>248</orbitalTheta>
                <orbitalPhi>243</orbitalPhi>
                <retrograde>false</retrograde>
                <avgTemperature>150</avgTemperature>
                <rotationalPeriod>437381</rotationalPeriod>
                <atmosphereDensity>33</atmosphereDensity>
                <generateCraters>true</generateCraters>
                <generateCaves>false</generateCaves>
                <generateVolcanos>false</generateVolcanos>
                <generateStructures>false</generateStructures>
                <generateGeodes>false</generateGeodes>
                <biomeIds>minecraft:jungle;30,minecraft:mutated_jungle;30,advancedrocketry:crystalchasms;30,minecraft:mutated_desert;30,minecraft:mutated_swampland;30</biomeIds>
            </planet>
        </planet>
    </star>
    <star blackHole="false" name="Ma-Roo" numGasGiants="0" numPlanets="0" size="1.0" temp="200" x="50" y="-250">
        <planet DIMID="64" name="Ma-Roo 64">
            <isKnown>false</isKnown>
            <fogColor>1.0,1.0,1.0</fogColor>
            <skyColor>0.8,0.580472,0.0</skyColor>
            <gravitationalMultiplier>87</gravitationalMultiplier>
            <orbitalDistance>50</orbitalDistance>
            <orbitalTheta>173</orbitalTheta>
            <orbitalPhi>-241</orbitalPhi>
            <retrograde>false</retrograde>
            <avgTemperature>818</avgTemperature>
            <rotationalPeriod>35825</rotationalPeriod>
            <atmosphereDensity>102</atmosphereDensity>
            <generateCraters>false</generateCraters>
            <generateCaves>false</generateCaves>
            <generateVolcanos>true</generateVolcanos>
            <generateStructures>false</generateStructures>
            <generateGeodes>false</generateGeodes>
            <biomeIds>minecraft:mutated_savanna_rock;30,advancedrocketry:marsh;30,minecraft:jungle_edge;30,minecraft:savanna;30,minecraft:frozen_ocean;30</biomeIds>
            <oceanBlock>minecraft:lava</oceanBlock>
        </planet>
        <planet DIMID="65" name="Ma-Roo 65">
            <isKnown>false</isKnown>
            <fogColor>1.0,1.0,1.0</fogColor>
            <skyColor>0.8,0.71077025,0.22123629</skyColor>
            <gravitationalMultiplier>130</gravitationalMultiplier>
            <orbitalDistance>141</orbitalDistance>
            <orbitalTheta>1</orbitalTheta>
            <orbitalPhi>-303</orbitalPhi>
            <retrograde>false</retrograde>
            <avgTemperature>430</avgTemperature>
            <rotationalPeriod>10923</rotationalPeriod>
            <atmosphereDensity>26</atmosphereDensity>
            <generateCraters>true</generateCraters>
            <generateCaves>false</generateCaves>
            <generateVolcanos>false</generateVolcanos>
            <generateStructures>false</generateStructures>
            <generateGeodes>false</generateGeodes>
            <biomeIds>minecraft:mutated_extreme_hills;30,minecraft:mushroom_island_shore;30,minecraft:mutated_forest;30,minecraft:jungle_edge;30,minecraft:mutated_desert;30</biomeIds>
            <planet DIMID="66" name="Ma-Roo 65: 0">
                <isKnown>false</isKnown>
                <fogColor>1.0,1.0,1.0</fogColor>
                <skyColor>0.8,0.8613696,0.15739357</skyColor>
                <gravitationalMultiplier>77</gravitationalMultiplier>
                <orbitalDistance>129</orbitalDistance>
                <orbitalTheta>145</orbitalTheta>
                <orbitalPhi>68</orbitalPhi>
                <retrograde>false</retrograde>
                <avgTemperature>450</avgTemperature>
                <rotationalPeriod>52570</rotationalPeriod>
                <atmosphereDensity>35</atmosphereDensity>
                <generateCraters>true</generateCraters>
                <generateCaves>false</generateCaves>
                <generateVolcanos>false</generateVolcanos>
                <generateStructures>false</generateStructures>
                <generateGeodes>false</generateGeodes>
                <biomeIds>minecraft:desert_hills;30</biomeIds>
            </planet>
            <planet DIMID="67" name="Ma-Roo 65: 1">
                <isKnown>false</isKnown>
                <fogColor>1.0,1.0,1.0</fogColor>
                <skyColor>0.8,0.86586154,0.37165892</skyColor>
                <gravitationalMultiplier>43</gravitationalMultiplier>
                <orbitalDistance>183</orbitalDistance>
                <orbitalTheta>290</orbitalTheta>
                <orbitalPhi>-95</orbitalPhi>
                <retrograde>false</retrograde>
                <avgTemperature>378</avgTemperature>
                <rotationalPeriod>301860</rotationalPeriod>
                <atmosphereDensity>36</atmosphereDensity>
                <generateCraters>true</generateCraters>
                <generateCaves>false</generateCaves>
                <generateVolcanos>false</generateVolcanos>
                <generateStructures>false</generateStructures>
                <generateGeodes>false</generateGeodes>
                <biomeIds>minecraft:desert;30,minecraft:deep_ocean;30,minecraft:mesa_clear_rock;30,minecraft:mesa;30,minecraft:savanna;30</biomeIds>
            </planet>
        </planet>
        <planet DIMID="58" name="Ma-Roo 58">
            <isKnown>false</isKnown>
            <fogColor>1.0,1.0,1.0</fogColor>
            <skyColor>0.8,0.8480114,0.0</skyColor>
            <gravitationalMultiplier>105</gravitationalMultiplier>
            <orbitalDistance>89</orbitalDistance>
            <orbitalTheta>304</orbitalTheta>
            <orbitalPhi>-342</orbitalPhi>
            <retrograde>false</retrograde>
            <avgTemperature>733</avgTemperature>
            <rotationalPeriod>20438</rotationalPeriod>
            <atmosphereDensity>209</atmosphereDensity>
            <generateCraters>false</generateCraters>
            <generateCaves>false</generateCaves>
            <generateVolcanos>true</generateVolcanos>
            <generateStructures>false</generateStructures>
            <generateGeodes>true</generateGeodes>
            <biomeIds>minecraft:mutated_mesa;30,minecraft:frozen_ocean;30,minecraft:mutated_mesa_clear_rock;30,minecraft:deep_ocean;30,minecraft:savanna_rock;30</biomeIds>
            <oceanBlock>minecraft:lava</oceanBlock>
        </planet>
        <planet DIMID="59" name="Ma-Roo 59">
            <isKnown>false</isKnown>
            <hasRings>true</hasRings>
            <ringColor>0.8,0.6727911,0.0</ringColor>
            <fogColor>1.0,1.0,1.0</fogColor>
            <skyColor>0.8,0.6727911,0.0</skyColor>
            <gravitationalMultiplier>96</gravitationalMultiplier>
            <orbitalDistance>134</orbitalDistance>
            <orbitalTheta>188</orbitalTheta>
            <orbitalPhi>-209</orbitalPhi>
            <retrograde>false</retrograde>
            <avgTemperature>532</avgTemperature>
            <rotationalPeriod>26707</rotationalPeriod>
            <atmosphereDensity>131</atmosphereDensity>
            <generateCraters>false</generateCraters>
            <generateCaves>false</generateCaves>
            <generateVolcanos>true</generateVolcanos>
            <generateStructures>false</generateStructures>
            <generateGeodes>true</generateGeodes>
            <biomeIds>minecraft:mutated_mesa_rock;30,advancedrocketry:marsh;30,minecraft:ocean;30,minecraft:mutated_desert;30,minecraft:savanna;30</biomeIds>
            <oceanBlock>minecraft:lava</oceanBlock>
        </planet>
        <planet DIMID="60" name="Ma-Roo 60">
            <isKnown>false</isKnown>
            <fogColor>1.0,1.0,1.0</fogColor>
            <skyColor>0.8,0.6630313,0.4248671</skyColor>
            <gravitationalMultiplier>126</gravitationalMultiplier>
            <orbitalDistance>182</orbitalDistance>
            <orbitalTheta>168</orbitalTheta>
            <orbitalPhi>-201</orbitalPhi>
            <retrograde>false</retrograde>
            <avgTemperature>379</avgTemperature>
            <rotationalPeriod>11856</rotationalPeriod>
            <atmosphereDensity>22</atmosphereDensity>
            <generateCraters>true</generateCraters>
            <generateCaves>false</generateCaves>
            <generateVolcanos>false</generateVolcanos>
            <generateStructures>false</generateStructures>
            <generateGeodes>false</generateGeodes>
            <biomeIds>advancedrocketry:moon;30,advancedrocketry:moondark;30</biomeIds>
        </planet>
        <planet DIMID="61" name="Ma-Roo 61">
            <isKnown>false</isKnown>
            <fogColor>1.0,1.0,1.0</fogColor>
            <skyColor>0.8,0.9035061,0.0</skyColor>
            <gravitationalMultiplier>123</gravitationalMultiplier>
            <orbitalDistance>121</orbitalDistance>
            <orbitalTheta>66</orbitalTheta>
            <orbitalPhi>-137</orbitalPhi>
            <retrograde>false</retrograde>
            <avgTemperature>566</avgTemperature>
            <rotationalPeriod>12741</rotationalPeriod>
            <atmosphereDensity>137</atmosphereDensity>
            <generateCraters>false</generateCraters>
            <generateCaves>false</generateCaves>
            <generateVolcanos>true</generateVolcanos>
            <generateStructures>false</generateStructures>
            <generateGeodes>true</generateGeodes>
            <biomeIds>advancedrocketry:volcanicbarren;30,minecraft:mutated_mesa;30,minecraft:frozen_ocean;30,minecraft:mutated_desert;30,minecraft:savanna_rock;30</biomeIds>
            <planet DIMID="62" name="Ma-Roo 61: 0">
                <isKnown>false</isKnown>
                <fogColor>1.0,1.0,1.0</fogColor>
                <skyColor>0.8,0.8089744,0.43459696</skyColor>
                <gravitationalMultiplier>84</gravitationalMultiplier>
                <orbitalDistance>196</orbitalDistance>
                <orbitalTheta>102</orbitalTheta>
                <orbitalPhi>-221</orbitalPhi>
                <retrograde>false</retrograde>
                <avgTemperature>365</avgTemperature>
                <rotationalPeriod>40492</rotationalPeriod>
                <atmosphereDensity>37</atmosphereDensity>
                <generateCraters>true</generateCraters>
                <generateCaves>false</generateCaves>
                <generateVolcanos>false</generateVolcanos>
                <generateStructures>false</generateStructures>
                <generateGeodes>false</generateGeodes>
                <biomeIds>minecraft:mutated_roofed_forest;30,minecraft:savanna;30,minecraft:beaches;30,minecraft:roofed_forest;10,minecraft:mutated_mesa;30</biomeIds>
            </planet>
            <planet DIMID="63" name="Ma-Roo 61: 1">
                <isKnown>false</isKnown>
                <fogColor>1.0,1.0,1.0</fogColor>
                <skyColor>0.8,0.9579952,0.01105237</skyColor>
                <gravitationalMultiplier>52</gravitationalMultiplier>
                <orbitalDistance>111</orbitalDistance>
                <orbitalTheta>31</orbitalTheta>
                <orbitalPhi>-303</orbitalPhi>
                <retrograde>false</retrograde>
                <avgTemperature>485</avgTemperature>
                <rotationalPeriod>170687</rotationalPeriod>
                <atmosphereDensity>37</atmosphereDensity>
                <generateCraters>true</generateCraters>
                <generateCaves>false</generateCaves>
                <generateVolcanos>true</generateVolcanos>
                <generateStructures>false</generateStructures>
                <generateGeodes>false</generateGeodes>
                <biomeIds>minecraft:jungle_edge;30,minecraft:ocean;30,minecraft:mutated_mesa_rock;30,advancedrocketry:oceanspires;30,minecraft:mutated_savanna_rock;30</biomeIds>
                <oceanBlock>minecraft:lava</oceanBlock>
            </planet>
            <oceanBlock>minecraft:lava</oceanBlock>
        </planet>
    </star>
    <star blackHole="false" name="Alykitt" numGasGiants="0" numPlanets="0" size="1.0" temp="120" x="75" y="200">
        <planet DIMID="68" name="Alykitt 68">
            <isKnown>false</isKnown>
            <GasGiant>true</GasGiant>
            <gas>hydrogen</gas>
            <gas>helium</gas>
            <fogColor>1.0,1.0,1.0</fogColor>
            <skyColor>1.0,1.0,1.0</skyColor>
            <gravitationalMultiplier>130</gravitationalMultiplier>
            <orbitalDistance>193</orbitalDistance>
            <orbitalTheta>0</orbitalTheta>
            <orbitalPhi>0</orbitalPhi>
            <retrograde>false</retrograde>
            <avgTemperature>272</avgTemperature>
            <rotationalPeriod>24000</rotationalPeriod>
            <atmosphereDensity>145</atmosphereDensity>
            <generateCraters>false</generateCraters>
            <generateCaves>false</generateCaves>
            <generateVolcanos>false</generateVolcanos>
            <generateStructures>false</generateStructures>
            <generateGeodes>false</generateGeodes>
        </planet>
        <planet DIMID="69" name="Alykitt 69">
            <isKnown>false</isKnown>
            <fogColor>1.0,1.0,1.0</fogColor>
            <skyColor>0.8,0.6169924,0.24617732</skyColor>
            <gravitationalMultiplier>130</gravitationalMultiplier>
            <orbitalDistance>80</orbitalDistance>
            <orbitalTheta>106</orbitalTheta>
            <orbitalPhi>-80</orbitalPhi>
            <retrograde>false</retrograde>
            <avgTemperature>425</avgTemperature>
            <rotationalPeriod>10923</rotationalPeriod>
            <atmosphereDensity>148</atmosphereDensity>
            <generateCraters>false</generateCraters>
            <generateCaves>false</generateCaves>
            <generateVolcanos>false</generateVolcanos>
            <generateStructures>true</generateStructures>
            <generateGeodes>true</generateGeodes>
            <biomeIds>minecraft:beaches;30,minecraft:ocean;30,minecraft:mutated_redwood_taiga;30,advancedrocketry:oceanspires;30,minecraft:deep_ocean;30</biomeIds>
        </planet>
        <planet DIMID="70" name="Alykitt 70">
            <isKnown>false</isKnown>
            <hasRings>true</hasRings>
            <ringColor>0.8,0.8049977,0.8559854</ringColor>
            <fogColor>1.0,1.0,1.0</fogColor>
            <skyColor>0.8,0.8049977,0.8559854</skyColor>
            <gravitationalMultiplier>88</gravitationalMultiplier>
            <orbitalDistance>166</orbitalDistance>
            <orbitalTheta>92</orbitalTheta>
            <orbitalPhi>44</orbitalPhi>
            <retrograde>false</retrograde>
            <avgTemperature>238</avgTemperature>
            <rotationalPeriod>34624</rotationalPeriod>
            <atmosphereDensity>61</atmosphereDensity>
            <generateCraters>true</generateCraters>
            <generateCaves>false</generateCaves>
            <generateVolcanos>false</generateVolcanos>
            <generateStructures>false</generateStructures>
            <generateGeodes>false</generateGeodes>
            <biomeIds>minecraft:mutated_savanna;30,minecraft:mutated_swampland;30,minecraft:mushroom_island;30,minecraft:desert;30,minecraft:jungle_hills;30</biomeIds>
        </planet>
        <planet DIMID="71" name="Alykitt 71">
            <isKnown>false</isKnown>
            <fogColor>1.0,1.0,1.0</fogColor>
            <skyColor>0.8,0.8007496,0.9274347</skyColor>
            <gravitationalMultiplier>88</gravitationalMultiplier>
            <orbitalDistance>219</orbitalDistance>
            <orbitalTheta>317</orbitalTheta>
            <orbitalPhi>135</orbitalPhi>
            <retrograde>false</retrograde>
            <avgTemperature>207</avgTemperature>
            <rotationalPeriod>34624</rotationalPeriod>
            <atmosphereDensity>0</atmosphereDensity>
            <generateCraters>true</generateCraters>
            <generateCaves>false</generateCaves>
            <generateVolcanos>false</generateVolcanos>
            <generateStructures>false</generateStructures>
            <generateGeodes>false</generateGeodes>
            <biomeIds>advancedrocketry:moon;30,advancedrocketry:moondark;30</biomeIds>
        </planet>
    </star>
</galaxy>
