<?xml version="1.0" encoding="UTF-8" standalone="no"?>
<galaxy>
    <star blackHole="false" name="Sol" numGasGiants="0" numPlanets="0" size="1.0" temp="100" x="0" y="0">
        <planet DIMID="0" dimMapping="" name="Earth">
            <isKnown>true</isKnown>
            <fogColor>1.0,1.0,1.0</fogColor>
            <skyColor>1.0,1.0,1.0</skyColor>
            <gravitationalMultiplier>100</gravitationalMultiplier>
            <orbitalDistance>100</orbitalDistance>
            <orbitalTheta>0</orbitalTheta>
            <orbitalPhi>0</orbitalPhi>
            <retrograde>false</retrograde>
            <avgTemperature>287</avgTemperature>
            <rotationalPeriod>24000</rotationalPeriod>
            <atmosphereDensity>100</atmosphereDensity>
            <generateCraters>false</generateCraters>
            <generateCaves>false</generateCaves>
            <generateVolcanos>false</generateVolcanos>
            <generateStructures>false</generateStructures>
            <generateGeodes>false</generateGeodes>
            <planet DIMID="3" name="Luna">
                <isKnown>false</isKnown>
                <fogColor>1.0,1.0,1.0</fogColor>
                <skyColor>1.0,1.0,1.0</skyColor>
                <gravitationalMultiplier>16</gravitationalMultiplier>
                <orbitalDistance>150</orbitalDistance>
                <orbitalTheta>0</orbitalTheta>
                <orbitalPhi>0</orbitalPhi>
                <retrograde>false</retrograde>
                <avgTemperature>255</avgTemperature>
                <rotationalPeriod>128000</rotationalPeriod>
                <atmosphereDensity>0</atmosphereDensity>
                <generateCraters>true</generateCraters>
                <generateCaves>false</generateCaves>
                <generateVolcanos>false</generateVolcanos>
                <generateStructures>false</generateStructures>
                <generateGeodes>false</generateGeodes>
                <biomeIds>advancedrocketry:moon;30,advancedrocketry:moondark;30</biomeIds>
            </planet>
        </planet>
        <planet DIMID="16" name="Sol 16">
            <isKnown>false</isKnown>
            <fogColor>1.0,1.0,1.0</fogColor>
            <skyColor>0.8,0.57507765,0.8053113</skyColor>
            <gravitationalMultiplier>130</gravitationalMultiplier>
            <orbitalDistance>92</orbitalDistance>
            <orbitalTheta>265</orbitalTheta>
            <orbitalPhi>-214</orbitalPhi>
            <retrograde>false</retrograde>
            <avgTemperature>266</avgTemperature>
            <rotationalPeriod>10923</rotationalPeriod>
            <atmosphereDensity>35</atmosphereDensity>
            <generateCraters>true</generateCraters>
            <generateCaves>false</generateCaves>
            <generateVolcanos>false</generateVolcanos>
            <generateStructures>false</generateStructures>
            <generateGeodes>false</generateGeodes>
            <biomeIds>minecraft:mutated_mesa;30,minecraft:desert_hills;30,advancedrocketry:volcanicbarren;30,minecraft:swampland;10,minecraft:savanna_rock;30</biomeIds>
            <planet DIMID="17" name="Sol 16: 0">
                <isKnown>false</isKnown>
                <fogColor>1.0,1.0,1.0</fogColor>
                <skyColor>0.8,0.69422483,0.92155373</skyColor>
                <gravitationalMultiplier>48</gravitationalMultiplier>
                <orbitalDistance>130</orbitalDistance>
                <orbitalTheta>247</orbitalTheta>
                <orbitalPhi>-202</orbitalPhi>
                <retrograde>false</retrograde>
                <avgTemperature>224</avgTemperature>
                <rotationalPeriod>217013</rotationalPeriod>
                <atmosphereDensity>16</atmosphereDensity>
                <generateCraters>true</generateCraters>
                <generateCaves>false</generateCaves>
                <generateVolcanos>false</generateVolcanos>
                <generateStructures>false</generateStructures>
                <generateGeodes>false</generateGeodes>
                <biomeIds>advancedrocketry:moon;30,advancedrocketry:moondark;30</biomeIds>
            </planet>
            <planet DIMID="18" name="Sol 16: 1">
                <isKnown>false</isKnown>
                <fogColor>1.0,1.0,1.0</fogColor>
                <skyColor>0.8,0.71957487,0.9442974</skyColor>
                <gravitationalMultiplier>70</gravitationalMultiplier>
                <orbitalDistance>129</orbitalDistance>
                <orbitalTheta>114</orbitalTheta>
                <orbitalPhi>-200</orbitalPhi>
                <retrograde>false</retrograde>
                <avgTemperature>225</avgTemperature>
                <rotationalPeriod>69970</rotationalPeriod>
                <atmosphereDensity>13</atmosphereDensity>
                <generateCraters>true</generateCraters>
                <generateCaves>false</generateCaves>
                <generateVolcanos>false</generateVolcanos>
                <generateStructures>false</generateStructures>
                <generateGeodes>false</generateGeodes>
                <biomeIds>advancedrocketry:moon;30,advancedrocketry:moondark;30</biomeIds>
            </planet>
        </planet>
        <planet DIMID="19" name="Sol 19">
            <isKnown>false</isKnown>
            <fogColor>1.0,1.0,1.0</fogColor>
            <skyColor>0.8,0.6135196,0.86493725</skyColor>
            <gravitationalMultiplier>106</gravitationalMultiplier>
            <orbitalDistance>159</orbitalDistance>
            <orbitalTheta>206</orbitalTheta>
            <orbitalPhi>-123</orbitalPhi>
            <retrograde>false</retrograde>
            <avgTemperature>242</avgTemperature>
            <rotationalPeriod>19868</rotationalPeriod>
            <atmosphereDensity>127</atmosphereDensity>
            <generateCraters>false</generateCraters>
            <generateCaves>false</generateCaves>
            <generateVolcanos>false</generateVolcanos>
            <generateStructures>false</generateStructures>
            <generateGeodes>true</generateGeodes>
            <biomeIds>minecraft:mutated_roofed_forest;30,minecraft:mutated_extreme_hills;30,minecraft:mutated_desert;30,minecraft:desert;30,minecraft:mutated_forest;30</biomeIds>
            <planet DIMID="20" name="Sol 19: 0">
                <isKnown>false</isKnown>
                <fogColor>1.0,1.0,1.0</fogColor>
                <skyColor>0.8,0.5294794,0.93040645</skyColor>
                <gravitationalMultiplier>38</gravitationalMultiplier>
                <orbitalDistance>156</orbitalDistance>
                <orbitalTheta>28</orbitalTheta>
                <orbitalPhi>99</orbitalPhi>
                <retrograde>false</retrograde>
                <avgTemperature>204</avgTemperature>
                <rotationalPeriod>437381</rotationalPeriod>
                <atmosphereDensity>36</atmosphereDensity>
                <generateCraters>true</generateCraters>
                <generateCaves>false</generateCaves>
                <generateVolcanos>false</generateVolcanos>
                <generateStructures>false</generateStructures>
                <generateGeodes>false</generateGeodes>
                <biomeIds>minecraft:mutated_jungle_edge;30,minecraft:mutated_savanna_rock;30,minecraft:mutated_extreme_hills;30,minecraft:mutated_mesa_rock;30,minecraft:jungle;30</biomeIds>
            </planet>
            <planet DIMID="21" name="Sol 19: 1">
                <isKnown>false</isKnown>
                <fogColor>1.0,1.0,1.0</fogColor>
                <skyColor>0.8,0.64616114,1.0</skyColor>
                <gravitationalMultiplier>52</gravitationalMultiplier>
                <orbitalDistance>194</orbitalDistance>
                <orbitalTheta>242</orbitalTheta>
                <orbitalPhi>-395</orbitalPhi>
                <retrograde>false</retrograde>
                <avgTemperature>183</avgTemperature>
                <rotationalPeriod>161206</rotationalPeriod>
                <atmosphereDensity>34</atmosphereDensity>
                <generateCraters>true</generateCraters>
                <generateCaves>false</generateCaves>
                <generateVolcanos>false</generateVolcanos>
                <generateStructures>false</generateStructures>
                <generateGeodes>false</generateGeodes>
                <seaLevel>68</seaLevel>
                <biomeIds>minecraft:beaches;30,advancedrocketry:oceanspires;30,minecraft:mutated_roofed_forest;30,minecraft:plains;10,minecraft:extreme_hills_with_trees;30</biomeIds>
            </planet>
            <planet DIMID="22" name="Sol 19: 2">
                <isKnown>false</isKnown>
                <fogColor>1.0,1.0,1.0</fogColor>
                <skyColor>0.8,0.8339531,0.8778801</skyColor>
                <gravitationalMultiplier>34</gravitationalMultiplier>
                <orbitalDistance>126</orbitalDistance>
                <orbitalTheta>148</orbitalTheta>
                <orbitalPhi>-360</orbitalPhi>
                <retrograde>false</retrograde>
                <avgTemperature>227</avgTemperature>
                <rotationalPeriod>610624</rotationalPeriod>
                <atmosphereDensity>23</atmosphereDensity>
                <generateCraters>true</generateCraters>
                <generateCaves>false</generateCaves>
                <generateVolcanos>false</generateVolcanos>
                <generateStructures>false</generateStructures>
                <generateGeodes>false</generateGeodes>
                <biomeIds>advancedrocketry:moon;30,advancedrocketry:moondark;30</biomeIds>
            </planet>
        </planet>
        <planet DIMID="4" name="Sol 4">
            <isKnown>false</isKnown>
            <GasGiant>true</GasGiant>
            <gas>ammonia</gas>
            <gas>nitrogen</gas>
            <gas>oxygen</gas>
            <fogColor>1.0,1.0,1.0</fogColor>
            <skyColor>1.0,1.0,1.0</skyColor>
            <gravitationalMultiplier>99</gravitationalMultiplier>
            <orbitalDistance>246</orbitalDistance>
            <orbitalTheta>0</orbitalTheta>
            <orbitalPhi>0</orbitalPhi>
            <retrograde>false</retrograde>
            <avgTemperature>209</avgTemperature>
            <rotationalPeriod>24000</rotationalPeriod>
            <atmosphereDensity>170</atmosphereDensity>
            <generateCraters>false</generateCraters>
            <generateCaves>false</generateCaves>
            <generateVolcanos>false</generateVolcanos>
            <generateStructures>false</generateStructures>
            <generateGeodes>false</generateGeodes>
        </planet>
        <planet DIMID="5" name="Sol 5">
            <isKnown>false</isKnown>
            <fogColor>1.0,1.0,1.0</fogColor>
            <skyColor>0.8,0.61863685,0.37990308</skyColor>
            <gravitationalMultiplier>130</gravitationalMultiplier>
            <orbitalDistance>73</orbitalDistance>
            <orbitalTheta>261</orbitalTheta>
            <orbitalPhi>-142</orbitalPhi>
            <retrograde>false</retrograde>
            <avgTemperature>367</avgTemperature>
            <rotationalPeriod>10923</rotationalPeriod>
            <atmosphereDensity>141</atmosphereDensity>
            <generateCraters>false</generateCraters>
            <generateCaves>false</generateCaves>
            <generateVolcanos>false</generateVolcanos>
            <generateStructures>true</generateStructures>
            <generateGeodes>true</generateGeodes>
            <biomeIds>minecraft:mesa_clear_rock;30,advancedrocketry:volcanicbarren;30,minecraft:extreme_hills;10,minecraft:plains;10,minecraft:deep_ocean;30</biomeIds>
        </planet>
        <planet DIMID="6" name="Sol 6">
            <isKnown>false</isKnown>
            <fogColor>1.0,1.0,1.0</fogColor>
            <skyColor>0.8,0.5319483,0.7131817</skyColor>
            <gravitationalMultiplier>102</gravitationalMultiplier>
            <orbitalDistance>119</orbitalDistance>
            <orbitalTheta>331</orbitalTheta>
            <orbitalPhi>34</orbitalPhi>
            <retrograde>false</retrograde>
            <avgTemperature>268</avgTemperature>
            <rotationalPeriod>22286</rotationalPeriod>
            <atmosphereDensity>108</atmosphereDensity>
            <generateCraters>false</generateCraters>
            <generateCaves>false</generateCaves>
            <generateVolcanos>false</generateVolcanos>
            <generateStructures>true</generateStructures>
            <generateGeodes>false</generateGeodes>
            <biomeIds>minecraft:mutated_jungle_edge;30,minecraft:roofed_forest;10,minecraft:savanna_rock;30,minecraft:mutated_roofed_forest;30,minecraft:mesa_clear_rock;30</biomeIds>
        </planet>
        <planet DIMID="7" name="Sol 7">
            <isKnown>false</isKnown>
            <hasRings>true</hasRings>
            <ringColor>0.8,0.76557386,1.0</ringColor>
            <fogColor>1.0,1.0,1.0</fogColor>
            <skyColor>0.8,0.76557386,1.0</skyColor>
            <gravitationalMultiplier>130</gravitationalMultiplier>
            <orbitalDistance>188</orbitalDistance>
            <orbitalTheta>29</orbitalTheta>
            <orbitalPhi>-168</orbitalPhi>
            <retrograde>false</retrograde>
            <avgTemperature>186</avgTemperature>
            <rotationalPeriod>10923</rotationalPeriod>
            <atmosphereDensity>30</atmosphereDensity>
            <generateCraters>true</generateCraters>
            <generateCaves>false</generateCaves>
            <generateVolcanos>false</generateVolcanos>
            <generateStructures>false</generateStructures>
            <generateGeodes>false</generateGeodes>
            <biomeIds>minecraft:mutated_mesa_rock;30,minecraft:mutated_extreme_hills;30,minecraft:extreme_hills;10,minecraft:mesa_rock;30,minecraft:mushroom_island_shore;30</biomeIds>
        </planet>
        <planet DIMID="23" name="Sol 23">
            <isKnown>false</isKnown>
            <fogColor>1.0,1.0,1.0</fogColor>
            <skyColor>0.8,0.63874316,0.80648136</skyColor>
            <gravitationalMultiplier>130</gravitationalMultiplier>
            <orbitalDistance>150</orbitalDistance>
            <orbitalTheta>33</orbitalTheta>
            <orbitalPhi>-380</orbitalPhi>
            <retrograde>false</retrograde>
            <avgTemperature>250</avgTemperature>
            <rotationalPeriod>10923</rotationalPeriod>
            <atmosphereDensity>129</atmosphereDensity>
            <generateCraters>false</generateCraters>
            <generateCaves>false</generateCaves>
            <generateVolcanos>false</generateVolcanos>
            <generateStructures>false</generateStructures>
            <generateGeodes>true</generateGeodes>
            <biomeIds>advancedrocketry:crystalchasms;30</biomeIds>
            <planet DIMID="24" name="Sol 23: 0">
                <isKnown>false</isKnown>
                <fogColor>1.0,1.0,1.0</fogColor>
                <skyColor>0.8,0.61280084,0.9087183</skyColor>
                <gravitationalMultiplier>62</gravitationalMultiplier>
                <orbitalDistance>134</orbitalDistance>
                <orbitalTheta>137</orbitalTheta>
                <orbitalPhi>9</orbitalPhi>
                <retrograde>false</retrograde>
                <avgTemperature>221</avgTemperature>
                <rotationalPeriod>100701</rotationalPeriod>
                <atmosphereDensity>34</atmosphereDensity>
                <generateCraters>true</generateCraters>
                <generateCaves>false</generateCaves>
                <generateVolcanos>false</generateVolcanos>
                <generateStructures>false</generateStructures>
                <generateGeodes>false</generateGeodes>
                <biomeIds>minecraft:extreme_hills_with_trees;30,minecraft:mushroom_island_shore;30,minecraft:jungle_hills;30,minecraft:mutated_forest;30,minecraft:mutated_savanna_rock;30</biomeIds>
            </planet>
            <planet DIMID="25" name="Sol 23: 1">
                <isKnown>false</isKnown>
                <fogColor>1.0,1.0,1.0</fogColor>
                <skyColor>0.8,0.91292214,1.0</skyColor>
                <gravitationalMultiplier>71</gravitationalMultiplier>
                <orbitalDistance>155</orbitalDistance>
                <orbitalTheta>137</orbitalTheta>
                <orbitalPhi>-27</orbitalPhi>
                <retrograde>false</retrograde>
                <avgTemperature>205</avgTemperature>
                <rotationalPeriod>67055</rotationalPeriod>
                <atmosphereDensity>34</atmosphereDensity>
                <generateCraters>true</generateCraters>
                <generateCaves>false</generateCaves>
                <generateVolcanos>false</generateVolcanos>
                <generateStructures>false</generateStructures>
                <generateGeodes>false</generateGeodes>
                <biomeIds>minecraft:mutated_savanna_rock;30,advancedrocketry:crystalchasms;30,minecraft:desert_hills;30,minecraft:mutated_extreme_hills;30,minecraft:mutated_mesa;30</biomeIds>
            </planet>
        </planet>
        <planet DIMID="8" name="Sol 8">
            <isKnown>false</isKnown>
            <fogColor>1.0,1.0,1.0</fogColor>
            <skyColor>0.8,0.515514,0.5790149</skyColor>
            <gravitationalMultiplier>117</gravitationalMultiplier>
            <orbitalDistance>119</orbitalDistance>
            <orbitalTheta>21</orbitalTheta>
            <orbitalPhi>-39</orbitalPhi>
            <retrograde>false</retrograde>
            <avgTemperature>308</avgTemperature>
            <rotationalPeriod>14794</rotationalPeriod>
            <atmosphereDensity>187</atmosphereDensity>
            <generateCraters>false</generateCraters>
            <generateCaves>false</generateCaves>
            <generateVolcanos>false</generateVolcanos>
            <generateStructures>true</generateStructures>
            <generateGeodes>true</generateGeodes>
            <biomeIds>minecraft:forest;10,appliedenergistics2:storage_biome;30,minecraft:frozen_ocean;30,minecraft:mutated_ice_flats;30,minecraft:swampland;10</biomeIds>
            <planet DIMID="9" name="Sol 8: 0">
                <isKnown>false</isKnown>
                <fogColor>1.0,1.0,1.0</fogColor>
                <skyColor>0.8,0.9534036,0.9014562</skyColor>
                <gravitationalMultiplier>62</gravitationalMultiplier>
                <orbitalDistance>120</orbitalDistance>
                <orbitalTheta>199</orbitalTheta>
                <orbitalPhi>-83</orbitalPhi>
                <retrograde>false</retrograde>
                <avgTemperature>233</avgTemperature>
                <rotationalPeriod>100701</rotationalPeriod>
                <atmosphereDensity>33</atmosphereDensity>
                <generateCraters>true</generateCraters>
                <generateCaves>false</generateCaves>
                <generateVolcanos>false</generateVolcanos>
                <generateStructures>false</generateStructures>
                <generateGeodes>false</generateGeodes>
                <biomeIds>advancedrocketry:crystalchasms;30</biomeIds>
            </planet>
            <planet DIMID="10" name="Sol 8: 1">
                <isKnown>false</isKnown>
                <fogColor>1.0,1.0,1.0</fogColor>
                <skyColor>0.8,0.64436823,0.8640758</skyColor>
                <gravitationalMultiplier>48</gravitationalMultiplier>
                <orbitalDistance>116</orbitalDistance>
                <orbitalTheta>94</orbitalTheta>
                <orbitalPhi>-329</orbitalPhi>
                <retrograde>false</retrograde>
                <avgTemperature>237</avgTemperature>
                <rotationalPeriod>217013</rotationalPeriod>
                <atmosphereDensity>23</atmosphereDensity>
                <generateCraters>true</generateCraters>
                <generateCaves>false</generateCaves>
                <generateVolcanos>false</generateVolcanos>
                <generateStructures>false</generateStructures>
                <generateGeodes>false</generateGeodes>
                <biomeIds>advancedrocketry:moon;30,advancedrocketry:moondark;30</biomeIds>
            </planet>
            <planet DIMID="11" name="Sol 8: 2">
                <isKnown>false</isKnown>
                <fogColor>1.0,1.0,1.0</fogColor>
                <skyColor>0.8,0.6252656,0.95302</skyColor>
                <gravitationalMultiplier>58</gravitationalMultiplier>
                <orbitalDistance>134</orbitalDistance>
                <orbitalTheta>167</orbitalTheta>
                <orbitalPhi>-164</orbitalPhi>
                <retrograde>false</retrograde>
                <avgTemperature>221</avgTemperature>
                <rotationalPeriod>116857</rotationalPeriod>
                <atmosphereDensity>34</atmosphereDensity>
                <generateCraters>true</generateCraters>
                <generateCaves>false</generateCaves>
                <generateVolcanos>false</generateVolcanos>
                <generateStructures>false</generateStructures>
                <generateGeodes>false</generateGeodes>
                <seaLevel>76</seaLevel>
                <biomeIds>minecraft:savanna_rock;30,minecraft:mutated_mesa;30,minecraft:mutated_extreme_hills_with_trees;30,minecraft:mutated_birch_forest;30,advancedrocketry:crystalchasms;30</biomeIds>
            </planet>
        </planet>
        <planet DIMID="26" name="Sol 26">
            <isKnown>false</isKnown>
            <fogColor>1.0,1.0,1.0</fogColor>
            <skyColor>0.8,0.597389,0.0</skyColor>
            <gravitationalMultiplier>116</gravitationalMultiplier>
            <orbitalDistance>3</orbitalDistance>
            <orbitalTheta>201</orbitalTheta>
            <orbitalPhi>-117</orbitalPhi>
            <retrograde>false</retrograde>
            <avgTemperature>1514</avgTemperature>
            <rotationalPeriod>15178</rotationalPeriod>
            <atmosphereDensity>69</atmosphereDensity>
            <generateCraters>true</generateCraters>
            <generateCaves>false</generateCaves>
            <generateVolcanos>true</generateVolcanos>
            <generateStructures>false</generateStructures>
            <generateGeodes>false</generateGeodes>
            <biomeIds>minecraft:mutated_desert;30,minecraft:savanna_rock;30,minecraft:mutated_savanna;30,minecraft:desert_hills;30,advancedrocketry:volcanicbarren;30</biomeIds>
            <planet DIMID="27" name="Sol 26: 0">
                <isKnown>false</isKnown>
                <fogColor>1.0,1.0,1.0</fogColor>
                <skyColor>0.8,0.51643896,1.0</skyColor>
                <gravitationalMultiplier>78</gravitationalMultiplier>
                <orbitalDistance>197</orbitalDistance>
                <orbitalTheta>215</orbitalTheta>
                <orbitalPhi>-318</orbitalPhi>
                <retrograde>false</retrograde>
                <avgTemperature>182</avgTemperature>
                <rotationalPeriod>50574</rotationalPeriod>
                <atmosphereDensity>36</atmosphereDensity>
                <generateCraters>true</generateCraters>
                <generateCaves>false</generateCaves>
                <generateVolcanos>false</generateVolcanos>
                <generateStructures>false</generateStructures>
                <generateGeodes>false</generateGeodes>
                <biomeIds>minecraft:ice_flats;30</biomeIds>
            </planet>
            <oceanBlock>minecraft:lava</oceanBlock>
        </planet>
        <planet DIMID="12" name="Sol 12">
            <isKnown>false</isKnown>
            <fogColor>1.0,1.0,1.0</fogColor>
            <skyColor>0.8,0.8412353,0.0</skyColor>
            <gravitationalMultiplier>100</gravitationalMultiplier>
            <orbitalDistance>8</orbitalDistance>
            <orbitalTheta>145</orbitalTheta>
            <orbitalPhi>-49</orbitalPhi>
            <retrograde>false</retrograde>
            <avgTemperature>1044</avgTemperature>
            <rotationalPeriod>23643</rotationalPeriod>
            <atmosphereDensity>111</atmosphereDensity>
            <generateCraters>false</generateCraters>
            <generateCaves>false</generateCaves>
            <generateVolcanos>true</generateVolcanos>
            <generateStructures>false</generateStructures>
            <generateGeodes>false</generateGeodes>
            <biomeIds>minecraft:desert;30,minecraft:jungle_hills;30,minecraft:desert_hills;30,advancedrocketry:volcanicbarren;30,minecraft:mutated_savanna;30</biomeIds>
            <planet DIMID="13" name="Sol 12: 0">
                <isKnown>false</isKnown>
                <fogColor>1.0,1.0,1.0</fogColor>
                <skyColor>0.8,0.94046474,1.0</skyColor>
                <gravitationalMultiplier>28</gravitationalMultiplier>
                <orbitalDistance>180</orbitalDistance>
                <orbitalTheta>171</orbitalTheta>
                <orbitalPhi>-27</orbitalPhi>
                <retrograde>false</retrograde>
                <avgTemperature>190</avgTemperature>
                <rotationalPeriod>1093294</rotationalPeriod>
                <atmosphereDensity>27</atmosphereDensity>
                <generateCraters>true</generateCraters>
                <generateCaves>false</generateCaves>
                <generateVolcanos>false</generateVolcanos>
                <generateStructures>false</generateStructures>
                <generateGeodes>false</generateGeodes>
                <biomeIds>advancedrocketry:crystalchasms;30</biomeIds>
            </planet>
            <planet DIMID="14" name="Sol 12: 1">
                <isKnown>false</isKnown>
                <fogColor>1.0,1.0,1.0</fogColor>
                <skyColor>0.8,0.5891418,0.91721505</skyColor>
                <gravitationalMultiplier>40</gravitationalMultiplier>
                <orbitalDistance>129</orbitalDistance>
                <orbitalTheta>287</orbitalTheta>
                <orbitalPhi>67</orbitalPhi>
                <retrograde>false</retrograde>
                <avgTemperature>225</avgTemperature>
                <rotationalPeriod>375000</rotationalPeriod>
                <atmosphereDensity>16</atmosphereDensity>
                <generateCraters>true</generateCraters>
                <generateCaves>false</generateCaves>
                <generateVolcanos>false</generateVolcanos>
                <generateStructures>false</generateStructures>
                <generateGeodes>false</generateGeodes>
                <biomeIds>advancedrocketry:moon;30,advancedrocketry:moondark;30</biomeIds>
            </planet>
            <planet DIMID="15" name="Sol 12: 2">
                <isKnown>false</isKnown>
                <fogColor>1.0,1.0,1.0</fogColor>
                <skyColor>0.8,0.55451775,0.9425465</skyColor>
                <gravitationalMultiplier>45</gravitationalMultiplier>
                <orbitalDistance>129</orbitalDistance>
                <orbitalTheta>257</orbitalTheta>
                <orbitalPhi>-85</orbitalPhi>
                <retrograde>false</retrograde>
                <avgTemperature>225</avgTemperature>
                <rotationalPeriod>263374</rotationalPeriod>
                <atmosphereDensity>32</atmosphereDensity>
                <generateCraters>true</generateCraters>
                <generateCaves>false</generateCaves>
                <generateVolcanos>false</generateVolcanos>
                <generateStructures>false</generateStructures>
                <generateGeodes>false</generateGeodes>
                <biomeIds>advancedrocketry:crystalchasms;30</biomeIds>
            </planet>
            <oceanBlock>minecraft:lava</oceanBlock>
        </planet>
    </star>
    <star blackHole="false" name="Wolf 12" numGasGiants="0" numPlanets="0" size="1.0" temp="10" x="300" y="-200">
        <planet DIMID="32" name="Wolf 12 32">
            <isKnown>false</isKnown>
            <fogColor>1.0,1.0,1.0</fogColor>
            <skyColor>0.2865939,0.9843638,1.0</skyColor>
            <gravitationalMultiplier>92</gravitationalMultiplier>
            <orbitalDistance>132</orbitalDistance>
            <orbitalTheta>305</orbitalTheta>
            <orbitalPhi>-226</orbitalPhi>
            <retrograde>false</retrograde>
            <avgTemperature>22</avgTemperature>
            <rotationalPeriod>30323</rotationalPeriod>
            <atmosphereDensity>0</atmosphereDensity>
            <generateCraters>true</generateCraters>
            <generateCaves>false</generateCaves>
            <generateVolcanos>false</generateVolcanos>
            <generateStructures>false</generateStructures>
            <generateGeodes>false</generateGeodes>
            <biomeIds>advancedrocketry:moon;30,advancedrocketry:moondark;30</biomeIds>
        </planet>
        <planet DIMID="33" name="Wolf 12 33">
            <isKnown>false</isKnown>
            <fogColor>1.0,1.0,1.0</fogColor>
            <skyColor>0.29162705,0.53992647,1.0</skyColor>
            <gravitationalMultiplier>94</gravitationalMultiplier>
            <orbitalDistance>142</orbitalDistance>
            <orbitalTheta>137</orbitalTheta>
            <orbitalPhi>279</orbitalPhi>
            <retrograde>false</retrograde>
            <avgTemperature>27</avgTemperature>
            <rotationalPeriod>28439</rotationalPeriod>
            <atmosphereDensity>157</atmosphereDensity>
            <generateCraters>false</generateCraters>
            <generateCaves>false</generateCaves>
            <generateVolcanos>false</generateVolcanos>
            <generateStructures>false</generateStructures>
            <generateGeodes>true</generateGeodes>
            <biomeIds>minecraft:forest;10,minecraft:extreme_hills;10,minecraft:mutated_redwood_taiga;30,minecraft:jungle_hills;30,minecraft:jungle;30</biomeIds>
        </planet>
        <planet DIMID="34" name="Wolf 12 34">
            <isKnown>false</isKnown>
            <fogColor>1.0,1.0,1.0</fogColor>
            <skyColor>0.38953555,0.99514294,1.0</skyColor>
            <gravitationalMultiplier>130</gravitationalMultiplier>
            <orbitalDistance>62</orbitalDistance>
            <orbitalTheta>332</orbitalTheta>
            <orbitalPhi>0</orbitalPhi>
            <retrograde>false</retrograde>
            <avgTemperature>39</avgTemperature>
            <rotationalPeriod>10923</rotationalPeriod>
            <atmosphereDensity>143</atmosphereDensity>
            <generateCraters>false</generateCraters>
            <generateCaves>false</generateCaves>
            <generateVolcanos>false</generateVolcanos>
            <generateStructures>false</generateStructures>
            <generateGeodes>true</generateGeodes>
            <biomeIds>minecraft:mutated_plains;30,minecraft:jungle_hills;30,minecraft:mutated_desert;30,minecraft:mutated_mesa_clear_rock;30,minecraft:mutated_jungle;30</biomeIds>
        </planet>
        <planet DIMID="28" name="Wolf 12 28">
            <isKnown>false</isKnown>
            <fogColor>1.0,1.0,1.0</fogColor>
            <skyColor>0.36137593,0.6545961,1.0</skyColor>
            <gravitationalMultiplier>130</gravitationalMultiplier>
            <orbitalDistance>58</orbitalDistance>
            <orbitalTheta>228</orbitalTheta>
            <orbitalPhi>-182</orbitalPhi>
            <retrograde>false</retrograde>
            <avgTemperature>44</avgTemperature>
            <rotationalPeriod>10923</rotationalPeriod>
            <atmosphereDensity>184</atmosphereDensity>
            <generateCraters>false</generateCraters>
            <generateCaves>false</generateCaves>
            <generateVolcanos>false</generateVolcanos>
            <generateStructures>false</generateStructures>
            <generateGeodes>true</generateGeodes>
            <biomeIds>minecraft:roofed_forest;10,minecraft:extreme_hills_with_trees;30,minecraft:jungle;30,minecraft:beaches;30,minecraft:mutated_redwood_taiga;30</biomeIds>
        </planet>
        <planet DIMID="29" name="Wolf 12 29">
            <isKnown>false</isKnown>
            <fogColor>1.0,1.0,1.0</fogColor>
            <skyColor>0.33974886,0.58255196,1.0</skyColor>
            <gravitationalMultiplier>130</gravitationalMultiplier>
            <orbitalDistance>133</orbitalDistance>
            <orbitalTheta>349</orbitalTheta>
            <orbitalPhi>-86</orbitalPhi>
            <retrograde>false</retrograde>
            <avgTemperature>23</avgTemperature>
            <rotationalPeriod>10923</rotationalPeriod>
            <atmosphereDensity>83</atmosphereDensity>
            <generateCraters>false</generateCraters>
            <generateCaves>false</generateCaves>
            <generateVolcanos>false</generateVolcanos>
            <generateStructures>false</generateStructures>
            <generateGeodes>false</generateGeodes>
            <biomeIds>advancedrocketry:volcanicbarren;30,advancedrocketry:marsh;30,minecraft:roofed_forest;10,minecraft:beaches;30,minecraft:jungle;30</biomeIds>
            <planet DIMID="30" name="Wolf 12 29: 0">
                <isKnown>false</isKnown>
                <fogColor>1.0,1.0,1.0</fogColor>
                <skyColor>0.28953296,0.5275339,1.0</skyColor>
                <gravitationalMultiplier>65</gravitationalMultiplier>
                <orbitalDistance>157</orbitalDistance>
                <orbitalTheta>178</orbitalTheta>
                <orbitalPhi>-217</orbitalPhi>
                <retrograde>false</retrograde>
                <avgTemperature>20</avgTemperature>
                <rotationalPeriod>87391</rotationalPeriod>
                <atmosphereDensity>28</atmosphereDensity>
                <generateCraters>true</generateCraters>
                <generateCaves>false</generateCaves>
                <generateVolcanos>false</generateVolcanos>
                <generateStructures>false</generateStructures>
                <generateGeodes>false</generateGeodes>
                <biomeIds>minecraft:extreme_hills_with_trees;30,minecraft:desert_hills;30,minecraft:mutated_redwood_taiga;30,minecraft:savanna;30,minecraft:mutated_forest;30</biomeIds>
            </planet>
            <planet DIMID="31" name="Wolf 12 29: 1">
                <isKnown>false</isKnown>
                <fogColor>1.0,1.0,1.0</fogColor>
                <skyColor>0.3583905,0.5386793,1.0</skyColor>
                <gravitationalMultiplier>52</gravitationalMultiplier>
                <orbitalDistance>111</orbitalDistance>
                <orbitalTheta>41</orbitalTheta>
                <orbitalPhi>0</orbitalPhi>
                <retrograde>false</retrograde>
                <avgTemperature>24</avgTemperature>
                <rotationalPeriod>161206</rotationalPeriod>
                <atmosphereDensity>35</atmosphereDensity>
                <generateCraters>true</generateCraters>
                <generateCaves>false</generateCaves>
                <generateVolcanos>false</generateVolcanos>
                <generateStructures>false</generateStructures>
                <generateGeodes>false</generateGeodes>
                <biomeIds>advancedrocketry:oceanspires;30,minecraft:birch_forest_hills;30,minecraft:desert_hills;30,minecraft:mutated_extreme_hills;30,minecraft:mesa_clear_rock;30</biomeIds>
            </planet>
        </planet>
    </star>
    <star blackHole="false" name="Epsilon ire" numGasGiants="0" numPlanets="0" size="1.0" temp="170" x="-200" y="80">
        <planet DIMID="35" name="Epsilon ire 35">
            <isKnown>false</isKnown>
            <fogColor>1.0,1.0,1.0</fogColor>
            <skyColor>0.8,0.9650838,0.0</skyColor>
            <gravitationalMultiplier>130</gravitationalMultiplier>
            <orbitalDistance>35</orbitalDistance>
            <orbitalTheta>196</orbitalTheta>
            <orbitalPhi>-303</orbitalPhi>
            <retrograde>false</retrograde>
            <avgTemperature>928</avgTemperature>
            <rotationalPeriod>10923</rotationalPeriod>
            <atmosphereDensity>159</atmosphereDensity>
            <generateCraters>false</generateCraters>
            <generateCaves>false</generateCaves>
            <generateVolcanos>true</generateVolcanos>
            <generateStructures>false</generateStructures>
            <generateGeodes>true</generateGeodes>
            <biomeIds>minecraft:deep_ocean;30,minecraft:mutated_jungle_edge;30,minecraft:ocean;30,minecraft:savanna_rock;30,minecraft:jungle;30</biomeIds>
            <oceanBlock>minecraft:lava</oceanBlock>
        </planet>
        <planet DIMID="36" name="Epsilon ire 36">
            <isKnown>false</isKnown>
            <fogColor>1.0,1.0,1.0</fogColor>
            <skyColor>0.8,0.8756063,0.0</skyColor>
            <gravitationalMultiplier>130</gravitationalMultiplier>
            <orbitalDistance>97</orbitalDistance>
            <orbitalTheta>128</orbitalTheta>
            <orbitalPhi>-188</orbitalPhi>
            <retrograde>false</retrograde>
            <avgTemperature>505</avgTemperature>
            <rotationalPeriod>10923</rotationalPeriod>
            <atmosphereDensity>107</atmosphereDensity>
            <generateCraters>false</generateCraters>
            <generateCaves>false</generateCaves>
            <generateVolcanos>true</generateVolcanos>
            <generateStructures>false</generateStructures>
            <generateGeodes>false</generateGeodes>
            <biomeIds>minecraft:desert;30,minecraft:mutated_savanna;30,minecraft:ocean;30,minecraft:mutated_desert;30,minecraft:frozen_ocean;30</biomeIds>
            <planet DIMID="37" name="Epsilon ire 36: 0">
                <isKnown>false</isKnown>
                <fogColor>1.0,1.0,1.0</fogColor>
                <skyColor>0.8,0.9174336,0.22843045</skyColor>
                <gravitationalMultiplier>54</gravitationalMultiplier>
                <orbitalDistance>107</orbitalDistance>
                <orbitalTheta>195</orbitalTheta>
                <orbitalPhi>-177</orbitalPhi>
                <retrograde>false</retrograde>
                <avgTemperature>420</avgTemperature>
                <rotationalPeriod>152415</rotationalPeriod>
                <atmosphereDensity>37</atmosphereDensity>
                <generateCraters>true</generateCraters>
                <generateCaves>false</generateCaves>
                <generateVolcanos>false</generateVolcanos>
                <generateStructures>false</generateStructures>
                <generateGeodes>false</generateGeodes>
                <biomeIds>advancedrocketry:volcanicbarren;30</biomeIds>
            </planet>
            <planet DIMID="38" name="Epsilon ire 36: 1">
                <isKnown>false</isKnown>
                <fogColor>1.0,1.0,1.0</fogColor>
                <skyColor>0.8,0.8146007,0.32839763</skyColor>
                <gravitationalMultiplier>72</gravitationalMultiplier>
                <orbitalDistance>112</orbitalDistance>
                <orbitalTheta>329</orbitalTheta>
                <orbitalPhi>-107</orbitalPhi>
                <retrograde>false</retrograde>
                <avgTemperature>410</avgTemperature>
                <rotationalPeriod>64300</rotationalPeriod>
                <atmosphereDensity>23</atmosphereDensity>
                <generateCraters>true</generateCraters>
                <generateCaves>false</generateCaves>
                <generateVolcanos>false</generateVolcanos>
                <generateStructures>false</generateStructures>
                <generateGeodes>false</generateGeodes>
                <biomeIds>advancedrocketry:moon;30,advancedrocketry:moondark;30</biomeIds>
            </planet>
            <planet DIMID="39" name="Epsilon ire 36: 2">
                <isKnown>false</isKnown>
                <fogColor>1.0,1.0,1.0</fogColor>
                <skyColor>0.8,0.87688375,0.2849393</skyColor>
                <gravitationalMultiplier>65</gravitationalMultiplier>
                <orbitalDistance>119</orbitalDistance>
                <orbitalTheta>329</orbitalTheta>
                <orbitalPhi>-106</orbitalPhi>
                <retrograde>false</retrograde>
                <avgTemperature>398</avgTemperature>
                <rotationalPeriod>87391</rotationalPeriod>
                <atmosphereDensity>29</atmosphereDensity>
                <generateCraters>true</generateCraters>
                <generateCaves>false</generateCaves>
                <generateVolcanos>false</generateVolcanos>
                <generateStructures>false</generateStructures>
                <generateGeodes>false</generateGeodes>
                <biomeIds>advancedrocketry:oceanspires;30,minecraft:beaches;30,minecraft:savanna;30,minecraft:birch_forest;10,minecraft:jungle;30</biomeIds>
            </planet>
            <oceanBlock>minecraft:lava</oceanBlock>
        </planet>
        <planet DIMID="40" name="Epsilon ire 40">
            <isKnown>false</isKnown>
            <fogColor>1.0,1.0,1.0</fogColor>
            <skyColor>0.8,0.51094586,0.35420996</skyColor>
            <gravitationalMultiplier>92</gravitationalMultiplier>
            <orbitalDistance>124</orbitalDistance>
            <orbitalTheta>40</orbitalTheta>
            <orbitalPhi>-62</orbitalPhi>
            <retrograde>false</retrograde>
            <avgTemperature>390</avgTemperature>
            <rotationalPeriod>30323</rotationalPeriod>
            <atmosphereDensity>55</atmosphereDensity>
            <generateCraters>true</generateCraters>
            <generateCaves>false</generateCaves>
            <generateVolcanos>false</generateVolcanos>
            <generateStructures>false</generateStructures>
            <generateGeodes>false</generateGeodes>
            <biomeIds>minecraft:jungle;30,minecraft:frozen_ocean;30,minecraft:mutated_extreme_hills;30,minecraft:mutated_swampland;30,minecraft:stone_beach;30</biomeIds>
        </planet>
        <planet DIMID="41" name="Epsilon ire 41">
            <isKnown>false</isKnown>
            <fogColor>1.0,1.0,1.0</fogColor>
            <skyColor>0.8,0.6909673,0.0</skyColor>
            <gravitationalMultiplier>130</gravitationalMultiplier>
            <orbitalDistance>109</orbitalDistance>
            <orbitalTheta>275</orbitalTheta>
            <orbitalPhi>-423</orbitalPhi>
            <retrograde>false</retrograde>
            <avgTemperature>556</avgTemperature>
            <rotationalPeriod>10923</rotationalPeriod>
            <atmosphereDensity>199</atmosphereDensity>
            <generateCraters>false</generateCraters>
            <generateCaves>false</generateCaves>
            <generateVolcanos>true</generateVolcanos>
            <generateStructures>false</generateStructures>
            <generateGeodes>true</generateGeodes>
            <biomeIds>advancedrocketry:volcanicbarren;30,minecraft:mutated_jungle_edge;30,minecraft:deep_ocean;30,minecraft:mutated_mesa;30,minecraft:jungle_edge;30</biomeIds>
            <oceanBlock>minecraft:lava</oceanBlock>
        </planet>
        <planet DIMID="42" name="Epsilon ire 42">
            <isKnown>false</isKnown>
            <fogColor>1.0,1.0,1.0</fogColor>
            <skyColor>0.8,0.71392465,0.0</skyColor>
            <gravitationalMultiplier>130</gravitationalMultiplier>
            <orbitalDistance>63</orbitalDistance>
            <orbitalTheta>19</orbitalTheta>
            <orbitalPhi>-192</orbitalPhi>
            <retrograde>false</retrograde>
            <avgTemperature>563</avgTemperature>
            <rotationalPeriod>10923</rotationalPeriod>
            <atmosphereDensity>70</atmosphereDensity>
            <generateCraters>true</generateCraters>
            <generateCaves>false</generateCaves>
            <generateVolcanos>true</generateVolcanos>
            <generateStructures>false</generateStructures>
            <generateGeodes>false</generateGeodes>
            <biomeIds>minecraft:mutated_jungle;30,minecraft:desert_hills;30,minecraft:ocean;30,minecraft:mutated_mesa_clear_rock;30,advancedrocketry:marsh;30</biomeIds>
            <planet DIMID="43" name="Epsilon ire 42: 0">
                <isKnown>false</isKnown>
                <fogColor>1.0,1.0,1.0</fogColor>
                <skyColor>0.8,0.6896913,0.39642376</skyColor>
                <gravitationalMultiplier>48</gravitationalMultiplier>
                <orbitalDistance>138</orbitalDistance>
                <orbitalTheta>323</orbitalTheta>
                <orbitalPhi>68</orbitalPhi>
                <retrograde>false</retrograde>
                <avgTemperature>370</avgTemperature>
                <rotationalPeriod>217013</rotationalPeriod>
                <atmosphereDensity>19</atmosphereDensity>
                <generateCraters>true</generateCraters>
                <generateCaves>false</generateCaves>
                <generateVolcanos>false</generateVolcanos>
                <generateStructures>false</generateStructures>
                <generateGeodes>false</generateGeodes>
                <biomeIds>advancedrocketry:moon;30,advancedrocketry:moondark;30</biomeIds>
            </planet>
            <oceanBlock>minecraft:lava</oceanBlock>
        </planet>
        <planet DIMID="44" name="Epsilon ire 44">
            <isKnown>false</isKnown>
            <fogColor>1.0,1.0,1.0</fogColor>
            <skyColor>0.8,0.52974766,0.40914202</skyColor>
            <gravitationalMultiplier>90</gravitationalMultiplier>
            <orbitalDistance>133</orbitalDistance>
            <orbitalTheta>214</orbitalTheta>
            <orbitalPhi>-40</orbitalPhi>
            <retrograde>false</retrograde>
            <avgTemperature>377</avgTemperature>
            <rotationalPeriod>32379</rotationalPeriod>
            <atmosphereDensity>0</atmosphereDensity>
            <generateCraters>true</generateCraters>
            <generateCaves>false</generateCaves>
            <generateVolcanos>false</generateVolcanos>
            <generateStructures>false</generateStructures>
            <generateGeodes>false</generateGeodes>
            <seaLevel>47</seaLevel>
            <biomeIds>advancedrocketry:moon;30,advancedrocketry:moondark;30</biomeIds>
        </planet>
        <planet DIMID="45" name="Epsilon ire 45">
            <isKnown>false</isKnown>
            <fogColor>1.0,1.0,1.0</fogColor>
            <skyColor>0.8,0.8463476,0.18518019</skyColor>
            <gravitationalMultiplier>130</gravitationalMultiplier>
            <orbitalDistance>169</orbitalDistance>
            <orbitalTheta>275</orbitalTheta>
            <orbitalPhi>295</orbitalPhi>
            <retrograde>false</retrograde>
            <avgTemperature>429</avgTemperature>
            <rotationalPeriod>10923</rotationalPeriod>
            <atmosphereDensity>169</atmosphereDensity>
            <generateCraters>false</generateCraters>
            <generateCaves>false</generateCaves>
            <generateVolcanos>false</generateVolcanos>
            <generateStructures>true</generateStructures>
            <generateGeodes>true</generateGeodes>
            <biomeIds>minecraft:mutated_roofed_forest;30,minecraft:mutated_plains;30,minecraft:mesa_clear_rock;30,minecraft:desert;30,minecraft:birch_forest;10</biomeIds>
            <planet DIMID="48" name="Epsilon ire 45: 2">
                <isKnown>false</isKnown>
                <fogColor>1.0,1.0,1.0</fogColor>
                <skyColor>0.8,0.73344004,0.22715926</skyColor>
                <gravitationalMultiplier>46</gravitationalMultiplier>
                <orbitalDistance>110</orbitalDistance>
                <orbitalTheta>114</orbitalTheta>
                <orbitalPhi>-229</orbitalPhi>
                <retrograde>false</retrograde>
                <avgTemperature>414</avgTemperature>
                <rotationalPeriod>246568</rotationalPeriod>
                <atmosphereDensity>16</atmosphereDensity>
                <generateCraters>true</generateCraters>
                <generateCaves>false</generateCaves>
                <generateVolcanos>false</generateVolcanos>
                <generateStructures>false</generateStructures>
                <generateGeodes>false</generateGeodes>
                <biomeIds>advancedrocketry:moon;30,advancedrocketry:moondark;30</biomeIds>
            </planet>
            <planet DIMID="46" name="Epsilon ire 45: 0">
                <isKnown>false</isKnown>
                <fogColor>1.0,1.0,1.0</fogColor>
                <skyColor>0.8,0.6649746,0.3128413</skyColor>
                <gravitationalMultiplier>67</gravitationalMultiplier>
                <orbitalDistance>125</orbitalDistance>
                <orbitalTheta>302</orbitalTheta>
                <orbitalPhi>-108</orbitalPhi>
                <retrograde>false</retrograde>
                <avgTemperature>389</avgTemperature>
                <rotationalPeriod>79797</rotationalPeriod>
                <atmosphereDensity>25</atmosphereDensity>
                <generateCraters>true</generateCraters>
                <generateCaves>false</generateCaves>
                <generateVolcanos>false</generateVolcanos>
                <generateStructures>false</generateStructures>
                <generateGeodes>false</generateGeodes>
                <seaLevel>66</seaLevel>
                <biomeIds>advancedrocketry:moon;30,advancedrocketry:moondark;30</biomeIds>
            </planet>
            <planet DIMID="47" name="Epsilon ire 45: 1">
                <isKnown>false</isKnown>
                <fogColor>1.0,1.0,1.0</fogColor>
                <skyColor>0.8,0.8533169,0.24735218</skyColor>
                <gravitationalMultiplier>87</gravitationalMultiplier>
                <orbitalDistance>114</orbitalDistance>
                <orbitalTheta>42</orbitalTheta>
                <orbitalPhi>-27</orbitalPhi>
                <retrograde>false</retrograde>
                <avgTemperature>407</avgTemperature>
                <rotationalPeriod>36446</rotationalPeriod>
                <atmosphereDensity>25</atmosphereDensity>
                <generateCraters>true</generateCraters>
                <generateCaves>false</generateCaves>
                <generateVolcanos>false</generateVolcanos>
                <generateStructures>false</generateStructures>
                <generateGeodes>false</generateGeodes>
                <biomeIds>advancedrocketry:moon;30,advancedrocketry:moondark;30</biomeIds>
            </planet>
        </planet>
    </star>
    <star blackHole="false" name="Proxima Centaurs" numGasGiants="0" numPlanets="0" size="1.0" temp="200" x="-150" y="250">
        <planet DIMID="49" name="Proxima Centaurs 49">
            <isKnown>false</isKnown>
            <fogColor>1.0,1.0,1.0</fogColor>
            <skyColor>0.8,0.57945657,0.0</skyColor>
            <gravitationalMultiplier>91</gravitationalMultiplier>
            <orbitalDistance>37</orbitalDistance>
            <orbitalTheta>332</orbitalTheta>
            <orbitalPhi>-162</orbitalPhi>
            <retrograde>false</retrograde>
            <avgTemperature>1086</avgTemperature>
            <rotationalPeriod>31329</rotationalPeriod>
            <atmosphereDensity>174</atmosphereDensity>
            <generateCraters>false</generateCraters>
            <generateCaves>false</generateCaves>
            <generateVolcanos>true</generateVolcanos>
            <generateStructures>false</generateStructures>
            <generateGeodes>true</generateGeodes>
            <biomeIds>minecraft:mutated_mesa_clear_rock;30,minecraft:savanna;30,minecraft:deep_ocean;30,minecraft:mutated_jungle;30,advancedrocketry:marsh;30</biomeIds>
            <oceanBlock>minecraft:lava</oceanBlock>
        </planet>
        <planet DIMID="50" name="Proxima Centaurs 50">
            <isKnown>false</isKnown>
            <fogColor>1.0,1.0,1.0</fogColor>
            <skyColor>0.8,0.91021454,0.036742806</skyColor>
            <gravitationalMultiplier>130</gravitationalMultiplier>
            <orbitalDistance>169</orbitalDistance>
            <orbitalTheta>58</orbitalTheta>
            <orbitalPhi>141</orbitalPhi>
            <retrograde>false</retrograde>
            <avgTemperature>488</avgTemperature>
            <rotationalPeriod>10923</rotationalPeriod>
            <atmosphereDensity>148</atmosphereDensity>
            <generateCraters>false</generateCraters>
            <generateCaves>false</generateCaves>
            <generateVolcanos>true</generateVolcanos>
            <generateStructures>false</generateStructures>
            <generateGeodes>true</generateGeodes>
            <biomeIds>minecraft:mutated_mesa;30,minecraft:savanna;30,minecraft:frozen_ocean;30,advancedrocketry:oceanspires;30,minecraft:jungle;30</biomeIds>
            <oceanBlock>minecraft:lava</oceanBlock>
        </planet>
        <planet DIMID="51" name="Proxima Centaurs 51">
            <isKnown>false</isKnown>
            <fogColor>1.0,1.0,1.0</fogColor>
            <skyColor>0.8,0.8520926,0.46731168</skyColor>
            <gravitationalMultiplier>89</gravitationalMultiplier>
            <orbitalDistance>212</orbitalDistance>
            <orbitalTheta>306</orbitalTheta>
            <orbitalPhi>-42</orbitalPhi>
            <retrograde>false</retrograde>
            <avgTemperature>351</avgTemperature>
            <rotationalPeriod>33476</rotationalPeriod>
            <atmosphereDensity>48</atmosphereDensity>
            <generateCraters>true</generateCraters>
            <generateCaves>false</generateCaves>
            <generateVolcanos>false</generateVolcanos>
            <generateStructures>false</generateStructures>
            <generateGeodes>false</generateGeodes>
            <seaLevel>82</seaLevel>
            <biomeIds>minecraft:desert_hills;30</biomeIds>
        </planet>
    </star>
    <star blackHole="false" name="Magnis Vulpes" numGasGiants="0" numPlanets="0" size="1.0" temp="70" x="-150" y="-250">
        <planet DIMID="52" name="Magnis Vulpes 52">
            <isKnown>false</isKnown>
            <fogColor>1.0,1.0,1.0</fogColor>
            <skyColor>0.8,0.69521725,0.5732284</skyColor>
            <gravitationalMultiplier>130</gravitationalMultiplier>
            <orbitalDistance>47</orbitalDistance>
            <orbitalTheta>290</orbitalTheta>
            <orbitalPhi>-282</orbitalPhi>
            <retrograde>false</retrograde>
            <avgTemperature>319</avgTemperature>
            <rotationalPeriod>10923</rotationalPeriod>
            <atmosphereDensity>139</atmosphereDensity>
            <generateCraters>false</generateCraters>
            <generateCaves>false</generateCaves>
            <generateVolcanos>false</generateVolcanos>
            <generateStructures>true</generateStructures>
            <generateGeodes>true</generateGeodes>
            <biomeIds>advancedrocketry:volcanicbarren;30</biomeIds>
        </planet>
        <planet DIMID="53" name="Magnis Vulpes 53">
            <isKnown>false</isKnown>
            <fogColor>1.0,1.0,1.0</fogColor>
            <skyColor>0.8,0.6553445,1.0</skyColor>
            <gravitationalMultiplier>130</gravitationalMultiplier>
            <orbitalDistance>142</orbitalDistance>
            <orbitalTheta>355</orbitalTheta>
            <orbitalPhi>-183</orbitalPhi>
            <retrograde>false</retrograde>
            <avgTemperature>177</avgTemperature>
            <rotationalPeriod>10923</rotationalPeriod>
            <atmosphereDensity>122</atmosphereDensity>
            <generateCraters>false</generateCraters>
            <generateCaves>false</generateCaves>
            <generateVolcanos>false</generateVolcanos>
            <generateStructures>false</generateStructures>
            <generateGeodes>false</generateGeodes>
            <biomeIds>minecraft:ice_flats;30</biomeIds>
        </planet>
    </star>
    <star blackHole="false" name="Ma-Roo" numGasGiants="0" numPlanets="0" size="1.0" temp="200" x="50" y="-250">
        <planet DIMID="54" name="Ma-Roo 54">
            <isKnown>false</isKnown>
            <fogColor>1.0,1.0,1.0</fogColor>
            <skyColor>0.8,0.59396446,0.0</skyColor>
            <gravitationalMultiplier>130</gravitationalMultiplier>
            <orbitalDistance>70</orbitalDistance>
            <orbitalTheta>229</orbitalTheta>
            <orbitalPhi>-140</orbitalPhi>
            <retrograde>false</retrograde>
            <avgTemperature>813</avgTemperature>
            <rotationalPeriod>10923</rotationalPeriod>
            <atmosphereDensity>195</atmosphereDensity>
            <generateCraters>false</generateCraters>
            <generateCaves>false</generateCaves>
            <generateVolcanos>true</generateVolcanos>
            <generateStructures>false</generateStructures>
            <generateGeodes>true</generateGeodes>
            <biomeIds>advancedrocketry:oceanspires;30,minecraft:mutated_mesa;30,minecraft:desert_hills;30,minecraft:ocean;30,minecraft:deep_ocean;30</biomeIds>
            <oceanBlock>minecraft:lava</oceanBlock>
        </planet>
        <planet DIMID="55" name="Ma-Roo 55">
            <isKnown>false</isKnown>
            <fogColor>1.0,1.0,1.0</fogColor>
            <skyColor>0.8,0.5309949,0.0</skyColor>
            <gravitationalMultiplier>118</gravitationalMultiplier>
            <orbitalDistance>91</orbitalDistance>
            <orbitalTheta>196</orbitalTheta>
            <orbitalPhi>190</orbitalPhi>
            <retrograde>false</retrograde>
            <avgTemperature>536</avgTemperature>
            <rotationalPeriod>14423</rotationalPeriod>
            <atmosphereDensity>52</atmosphereDensity>
            <generateCraters>true</generateCraters>
            <generateCaves>false</generateCaves>
            <generateVolcanos>true</generateVolcanos>
            <generateStructures>false</generateStructures>
            <generateGeodes>false</generateGeodes>
            <seaLevel>69</seaLevel>
            <biomeIds>minecraft:desert;30,minecraft:mutated_jungle_edge;30,minecraft:mutated_mesa_clear_rock;30,minecraft:ocean;30,minecraft:mutated_jungle;30</biomeIds>
            <oceanBlock>minecraft:lava</oceanBlock>
        </planet>
        <planet DIMID="56" name="Ma-Roo 56">
            <isKnown>false</isKnown>
            <fogColor>1.0,1.0,1.0</fogColor>
            <skyColor>0.8,0.7589901,0.4956439</skyColor>
            <gravitationalMultiplier>108</gravitationalMultiplier>
            <orbitalDistance>207</orbitalDistance>
            <orbitalTheta>258</orbitalTheta>
            <orbitalPhi>-408</orbitalPhi>
            <retrograde>false</retrograde>
            <avgTemperature>355</avgTemperature>
            <rotationalPeriod>18789</rotationalPeriod>
            <atmosphereDensity>22</atmosphereDensity>
            <generateCraters>true</generateCraters>
            <generateCaves>false</generateCaves>
            <generateVolcanos>false</generateVolcanos>
            <generateStructures>false</generateStructures>
            <generateGeodes>false</generateGeodes>
            <biomeIds>advancedrocketry:moon;30,advancedrocketry:moondark;30</biomeIds>
            <planet DIMID="57" name="Ma-Roo 56: 0">
                <isKnown>false</isKnown>
                <fogColor>1.0,1.0,1.0</fogColor>
                <skyColor>0.8,0.6718199,0.33687234</skyColor>
                <gravitationalMultiplier>32</gravitationalMultiplier>
                <orbitalDistance>166</orbitalDistance>
                <orbitalTheta>87</orbitalTheta>
                <orbitalPhi>-70</orbitalPhi>
                <retrograde>false</retrograde>
                <avgTemperature>397</avgTemperature>
                <rotationalPeriod>732421</rotationalPeriod>
                <atmosphereDensity>34</atmosphereDensity>
                <generateCraters>true</generateCraters>
                <generateCaves>false</generateCaves>
                <generateVolcanos>false</generateVolcanos>
                <generateStructures>false</generateStructures>
                <generateGeodes>false</generateGeodes>
                <biomeIds>minecraft:extreme_hills;10</biomeIds>
            </planet>
            <planet DIMID="58" name="Ma-Roo 56: 1">
                <isKnown>false</isKnown>
                <fogColor>1.0,1.0,1.0</fogColor>
                <skyColor>0.8,0.65974957,0.14204079</skyColor>
                <gravitationalMultiplier>69</gravitationalMultiplier>
                <orbitalDistance>136</orbitalDistance>
                <orbitalTheta>292</orbitalTheta>
                <orbitalPhi>-94</orbitalPhi>
                <retrograde>false</retrograde>
                <avgTemperature>438</avgTemperature>
                <rotationalPeriod>73057</rotationalPeriod>
                <atmosphereDensity>24</atmosphereDensity>
                <generateCraters>true</generateCraters>
                <generateCaves>false</generateCaves>
                <generateVolcanos>false</generateVolcanos>
                <generateStructures>false</generateStructures>
                <generateGeodes>false</generateGeodes>
                <biomeIds>advancedrocketry:moon;30,advancedrocketry:moondark;30</biomeIds>
            </planet>
        </planet>
        <planet DIMID="59" name="Ma-Roo 59">
            <isKnown>false</isKnown>
            <fogColor>1.0,1.0,1.0</fogColor>
            <skyColor>0.8,0.93988556,0.0</skyColor>
            <gravitationalMultiplier>118</gravitationalMultiplier>
            <orbitalDistance>82</orbitalDistance>
            <orbitalTheta>317</orbitalTheta>
            <orbitalPhi>144</orbitalPhi>
            <retrograde>false</retrograde>
            <avgTemperature>761</avgTemperature>
            <rotationalPeriod>14423</rotationalPeriod>
            <atmosphereDensity>206</atmosphereDensity>
            <generateCraters>false</generateCraters>
            <generateCaves>false</generateCaves>
            <generateVolcanos>true</generateVolcanos>
            <generateStructures>false</generateStructures>
            <generateGeodes>true</generateGeodes>
            <seaLevel>52</seaLevel>
            <biomeIds>minecraft:deep_ocean;30,minecraft:savanna_rock;30,minecraft:mutated_mesa_clear_rock;30,minecraft:jungle_hills;30,minecraft:mutated_jungle_edge;30</biomeIds>
            <oceanBlock>minecraft:lava</oceanBlock>
        </planet>
        <planet DIMID="60" name="Ma-Roo 60">
            <isKnown>false</isKnown>
            <fogColor>1.0,1.0,1.0</fogColor>
            <skyColor>0.8,0.5988221,0.0</skyColor>
            <gravitationalMultiplier>93</gravitationalMultiplier>
            <orbitalDistance>57</orbitalDistance>
            <orbitalTheta>271</orbitalTheta>
            <orbitalPhi>-63</orbitalPhi>
            <retrograde>false</retrograde>
            <avgTemperature>694</avgTemperature>
            <rotationalPeriod>29361</rotationalPeriod>
            <atmosphereDensity>69</atmosphereDensity>
            <generateCraters>true</generateCraters>
            <generateCaves>false</generateCaves>
            <generateVolcanos>true</generateVolcanos>
            <generateStructures>false</generateStructures>
            <generateGeodes>false</generateGeodes>
            <seaLevel>45</seaLevel>
            <biomeIds>minecraft:mutated_mesa_clear_rock;30,minecraft:jungle;30,minecraft:savanna;30,minecraft:desert;30,advancedrocketry:marsh;30</biomeIds>
            <oceanBlock>minecraft:lava</oceanBlock>
        </planet>
        <planet DIMID="61" name="Ma-Roo 61">
            <isKnown>false</isKnown>
            <fogColor>1.0,1.0,1.0</fogColor>
            <skyColor>0.8,0.8525028,0.22513038</skyColor>
            <gravitationalMultiplier>130</gravitationalMultiplier>
            <orbitalDistance>145</orbitalDistance>
            <orbitalTheta>340</orbitalTheta>
            <orbitalPhi>-231</orbitalPhi>
            <retrograde>false</retrograde>
            <avgTemperature>424</avgTemperature>
            <rotationalPeriod>10923</rotationalPeriod>
            <atmosphereDensity>0</atmosphereDensity>
            <generateCraters>true</generateCraters>
            <generateCaves>false</generateCaves>
            <generateVolcanos>false</generateVolcanos>
            <generateStructures>false</generateStructures>
            <generateGeodes>false</generateGeodes>
            <biomeIds>advancedrocketry:moon;30,advancedrocketry:moondark;30</biomeIds>
        </planet>
    </star>
    <star blackHole="false" name="Alykitt" numGasGiants="0" numPlanets="0" size="1.0" temp="120" x="75" y="200">
        <planet DIMID="64" name="Alykitt 64">
            <isKnown>false</isKnown>
            <fogColor>1.0,1.0,1.0</fogColor>
            <skyColor>0.8,0.8625812,0.07347542</skyColor>
            <gravitationalMultiplier>130</gravitationalMultiplier>
            <orbitalDistance>64</orbitalDistance>
            <orbitalTheta>241</orbitalTheta>
            <orbitalPhi>71</orbitalPhi>
            <retrograde>false</retrograde>
            <avgTemperature>475</avgTemperature>
            <rotationalPeriod>10923</rotationalPeriod>
            <atmosphereDensity>147</atmosphereDensity>
            <generateCraters>false</generateCraters>
            <generateCaves>false</generateCaves>
            <generateVolcanos>true</generateVolcanos>
            <generateStructures>false</generateStructures>
            <generateGeodes>true</generateGeodes>
            <biomeIds>minecraft:jungle_edge;30,minecraft:mutated_mesa_rock;30,minecraft:mutated_jungle_edge;30,minecraft:frozen_ocean;30,minecraft:mutated_desert;30</biomeIds>
            <oceanBlock>minecraft:lava</oceanBlock>
        </planet>
        <planet DIMID="65" name="Alykitt 65">
            <isKnown>false</isKnown>
            <fogColor>1.0,1.0,1.0</fogColor>
            <skyColor>0.8,0.8854814,0.27942884</skyColor>
            <gravitationalMultiplier>115</gravitationalMultiplier>
            <orbitalDistance>77</orbitalDistance>
            <orbitalTheta>262</orbitalTheta>
            <orbitalPhi>-141</orbitalPhi>
            <retrograde>false</retrograde>
            <avgTemperature>419</avgTemperature>
            <rotationalPeriod>15576</rotationalPeriod>
            <atmosphereDensity>129</atmosphereDensity>
            <generateCraters>false</generateCraters>
            <generateCaves>false</generateCaves>
            <generateVolcanos>false</generateVolcanos>
            <generateStructures>true</generateStructures>
            <generateGeodes>true</generateGeodes>
            <biomeIds>minecraft:mutated_extreme_hills_with_trees;30,minecraft:mutated_forest;30,minecraft:mutated_birch_forest_hills;30,minecraft:mutated_plains;30,minecraft:jungle_edge;30</biomeIds>
            <planet DIMID="66" name="Alykitt 65: 0">
                <isKnown>false</isKnown>
                <fogColor>1.0,1.0,1.0</fogColor>
                <skyColor>0.8,0.6824527,0.7075067</skyColor>
                <gravitationalMultiplier>39</gravitationalMultiplier>
                <orbitalDistance>124</orbitalDistance>
                <orbitalTheta>283</orbitalTheta>
                <orbitalPhi>-300</orbitalPhi>
                <retrograde>false</retrograde>
                <avgTemperature>275</avgTemperature>
                <rotationalPeriod>404592</rotationalPeriod>
                <atmosphereDensity>33</atmosphereDensity>
                <generateCraters>true</generateCraters>
                <generateCaves>false</generateCaves>
                <generateVolcanos>false</generateVolcanos>
                <generateStructures>false</generateStructures>
                <generateGeodes>false</generateGeodes>
                <biomeIds>minecraft:extreme_hills;10</biomeIds>
            </planet>
            <planet DIMID="67" name="Alykitt 65: 1">
                <isKnown>false</isKnown>
                <fogColor>1.0,1.0,1.0</fogColor>
                <skyColor>0.8,0.7767836,0.7280511</skyColor>
                <gravitationalMultiplier>74</gravitationalMultiplier>
                <orbitalDistance>117</orbitalDistance>
                <orbitalTheta>288</orbitalTheta>
                <orbitalPhi>161</orbitalPhi>
                <retrograde>false</retrograde>
                <avgTemperature>283</avgTemperature>
                <rotationalPeriod>59226</rotationalPeriod>
                <atmosphereDensity>37</atmosphereDensity>
                <generateCraters>true</generateCraters>
                <generateCaves>false</generateCaves>
                <generateVolcanos>false</generateVolcanos>
                <generateStructures>false</generateStructures>
                <generateGeodes>false</generateGeodes>
                <biomeIds>minecraft:taiga;10,minecraft:mutated_taiga;30,minecraft:smaller_extreme_hills;30,minecraft:extreme_hills;10,minecraft:redwood_taiga;30</biomeIds>
            </planet>
        </planet>
        <planet DIMID="68" name="Alykitt 68">
            <isKnown>false</isKnown>
            <fogColor>1.0,1.0,1.0</fogColor>
            <skyColor>0.8,0.6883193,0.97218996</skyColor>
            <gravitationalMultiplier>108</gravitationalMultiplier>
            <orbitalDistance>199</orbitalDistance>
            <orbitalTheta>150</orbitalTheta>
            <orbitalPhi>-185</orbitalPhi>
            <retrograde>false</retrograde>
            <avgTemperature>217</avgTemperature>
            <rotationalPeriod>18789</rotationalPeriod>
            <atmosphereDensity>39</atmosphereDensity>
            <generateCraters>true</generateCraters>
            <generateCaves>false</generateCaves>
            <generateVolcanos>false</generateVolcanos>
            <generateStructures>false</generateStructures>
            <generateGeodes>false</generateGeodes>
            <biomeIds>advancedrocketry:crystalchasms;30</biomeIds>
        </planet>
        <planet DIMID="62" name="Alykitt 62">
            <isKnown>false</isKnown>
            <GasGiant>true</GasGiant>
            <gas>hydrogen</gas>
            <fogColor>1.0,1.0,1.0</fogColor>
            <skyColor>1.0,1.0,1.0</skyColor>
            <gravitationalMultiplier>129</gravitationalMultiplier>
            <orbitalDistance>262</orbitalDistance>
            <orbitalTheta>0</orbitalTheta>
            <orbitalPhi>0</orbitalPhi>
            <retrograde>false</retrograde>
            <avgTemperature>217</avgTemperature>
            <rotationalPeriod>24000</rotationalPeriod>
            <atmosphereDensity>107</atmosphereDensity>
            <generateCraters>false</generateCraters>
            <generateCaves>false</generateCaves>
            <generateVolcanos>false</generateVolcanos>
            <generateStructures>false</generateStructures>
            <generateGeodes>false</generateGeodes>
            <planet DIMID="63" name="Alykitt 62: 0">
                <isKnown>false</isKnown>
                <fogColor>1.0,1.0,1.0</fogColor>
                <skyColor>0.8,0.84221303,0.7763868</skyColor>
                <gravitationalMultiplier>45</gravitationalMultiplier>
                <orbitalDistance>130</orbitalDistance>
                <orbitalTheta>187</orbitalTheta>
                <orbitalPhi>-279</orbitalPhi>
                <retrograde>false</retrograde>
                <avgTemperature>269</avgTemperature>
                <rotationalPeriod>263374</rotationalPeriod>
                <atmosphereDensity>36</atmosphereDensity>
                <generateCraters>true</generateCraters>
                <generateCaves>false</generateCaves>
                <generateVolcanos>false</generateVolcanos>
                <generateStructures>false</generateStructures>
                <generateGeodes>false</generateGeodes>
                <biomeIds>minecraft:mesa;30,minecraft:mesa_rock;30,minecraft:forest;10,minecraft:mutated_desert;30,minecraft:savanna_rock;30</biomeIds>
            </planet>
        </planet>
    </star>
</galaxy>
