{
  "minecraft:recipes/transportation/acacia_boat": {
    "criteria": {
      "entered_water": "2022-11-27 19:06:39 +0200"
    },
    "done": true
  },
  "minecraft:recipes/transportation/dark_oak_boat": {
    "criteria": {
      "entered_water": "2022-11-27 19:06:39 +0200"
    },
    "done": true
  },
  "minecraft:recipes/transportation/birch_boat": {
    "criteria": {
      "entered_water": "2022-11-27 19:06:39 +0200"
    },
    "done": true
  },
  "minecraft:adventure/root": {
    "criteria": {
      "killed_something": "2022-11-27 19:10:43 +0200"
    },
    "done": true
  },
  "minecraft:recipes/transportation/boat": {
    "criteria": {
      "entered_water": "2022-11-27 19:06:39 +0200"
    },
    "done": true
  },
  "minecraft:recipes/transportation/jungle_boat": {
    "criteria": {
      "entered_water": "2022-11-27 19:06:39 +0200"
    },
    "done": true
  },
  "minecraft:recipes/transportation/spruce_boat": {
    "criteria": {
      "entered_water": "2022-11-27 19:06:37 +0200"
    },
    "done": true
  },
  "appliedenergistics2:main/presses": {
    "criteria": {
      "eng": "2022-11-27 19:09:00 +0200"
    },
    "done": true
  },
  "minecraft:adventure/adventuring_time": {
    "criteria": {
      "forest": "2022-11-27 19:05:46 +0200",
      "swampland": "2022-11-27 19:10:08 +0200",
      "birch_forest": "2022-11-27 19:12:27 +0200",
      "extreme_hills_with_trees": "2022-11-27 19:09:52 +0200",
      "forest_hills": "2022-11-27 19:07:49 +0200",
      "plains": "2022-11-27 19:06:38 +0200",
      "taiga": "2022-11-27 19:07:15 +0200",
      "birch_forest_hills": "2022-11-27 19:12:31 +0200",
      "extreme_hills": "2022-11-27 19:06:54 +0200",
      "roofed_forest": "2022-11-27 19:09:08 +0200",
      "river": "2022-11-27 19:06:37 +0200"
    },
    "done": false
  }
}