<?xml version="1.0" encoding="UTF-8" standalone="no"?>
<galaxy>
    <star blackHole="false" name="Sol" numGasGiants="0" numPlanets="0" size="1.0" temp="100" x="0" y="0">
        <planet DIMID="0" dimMapping="" name="Earth">
            <isKnown>true</isKnown>
            <fogColor>1.0,1.0,1.0</fogColor>
            <skyColor>1.0,1.0,1.0</skyColor>
            <gravitationalMultiplier>100</gravitationalMultiplier>
            <orbitalDistance>100</orbitalDistance>
            <orbitalTheta>0</orbitalTheta>
            <orbitalPhi>0</orbitalPhi>
            <retrograde>false</retrograde>
            <avgTemperature>287</avgTemperature>
            <rotationalPeriod>24000</rotationalPeriod>
            <atmosphereDensity>100</atmosphereDensity>
            <generateCraters>false</generateCraters>
            <generateCaves>false</generateCaves>
            <generateVolcanos>false</generateVolcanos>
            <generateStructures>false</generateStructures>
            <generateGeodes>false</generateGeodes>
            <planet DIMID="3" name="Luna">
                <isKnown>false</isKnown>
                <fogColor>1.0,1.0,1.0</fogColor>
                <skyColor>1.0,1.0,1.0</skyColor>
                <gravitationalMultiplier>16</gravitationalMultiplier>
                <orbitalDistance>150</orbitalDistance>
                <orbitalTheta>0</orbitalTheta>
                <orbitalPhi>0</orbitalPhi>
                <retrograde>false</retrograde>
                <avgTemperature>255</avgTemperature>
                <rotationalPeriod>128000</rotationalPeriod>
                <atmosphereDensity>0</atmosphereDensity>
                <generateCraters>true</generateCraters>
                <generateCaves>false</generateCaves>
                <generateVolcanos>false</generateVolcanos>
                <generateStructures>false</generateStructures>
                <generateGeodes>false</generateGeodes>
                <biomeIds>advancedrocketry:moon;30,advancedrocketry:moondark;30</biomeIds>
            </planet>
        </planet>
        <planet DIMID="17" name="Sol 17">
            <isKnown>false</isKnown>
            <fogColor>1.0,1.0,1.0</fogColor>
            <skyColor>0.8,0.73154235,0.75659823</skyColor>
            <gravitationalMultiplier>93</gravitationalMultiplier>
            <orbitalDistance>83</orbitalDistance>
            <orbitalTheta>14</orbitalTheta>
            <orbitalPhi>138</orbitalPhi>
            <retrograde>false</retrograde>
            <avgTemperature>280</avgTemperature>
            <rotationalPeriod>29361</rotationalPeriod>
            <atmosphereDensity>59</atmosphereDensity>
            <generateCraters>true</generateCraters>
            <generateCaves>false</generateCaves>
            <generateVolcanos>false</generateVolcanos>
            <generateStructures>false</generateStructures>
            <generateGeodes>false</generateGeodes>
            <biomeIds>advancedrocketry:crystalchasms;30</biomeIds>
        </planet>
        <planet DIMID="18" name="Sol 18">
            <isKnown>false</isKnown>
            <fogColor>1.0,1.0,1.0</fogColor>
            <skyColor>0.8,0.9297036,0.9468273</skyColor>
            <gravitationalMultiplier>130</gravitationalMultiplier>
            <orbitalDistance>137</orbitalDistance>
            <orbitalTheta>150</orbitalTheta>
            <orbitalPhi>-263</orbitalPhi>
            <retrograde>false</retrograde>
            <avgTemperature>225</avgTemperature>
            <rotationalPeriod>10923</rotationalPeriod>
            <atmosphereDensity>71</atmosphereDensity>
            <generateCraters>true</generateCraters>
            <generateCaves>false</generateCaves>
            <generateVolcanos>false</generateVolcanos>
            <generateStructures>false</generateStructures>
            <generateGeodes>false</generateGeodes>
            <biomeIds>minecraft:mushroom_island_shore;30,minecraft:mutated_birch_forest_hills;30,minecraft:savanna_rock;30,minecraft:swampland;10,minecraft:mutated_extreme_hills;30</biomeIds>
            <planet DIMID="19" name="Sol 18: 0">
                <isKnown>false</isKnown>
                <fogColor>1.0,1.0,1.0</fogColor>
                <skyColor>0.8,0.98969245,0.7800226</skyColor>
                <gravitationalMultiplier>75</gravitationalMultiplier>
                <orbitalDistance>99</orbitalDistance>
                <orbitalTheta>278</orbitalTheta>
                <orbitalPhi>-94</orbitalPhi>
                <retrograde>false</retrograde>
                <avgTemperature>257</avgTemperature>
                <rotationalPeriod>56888</rotationalPeriod>
                <atmosphereDensity>33</atmosphereDensity>
                <generateCraters>true</generateCraters>
                <generateCaves>false</generateCaves>
                <generateVolcanos>false</generateVolcanos>
                <generateStructures>false</generateStructures>
                <generateGeodes>false</generateGeodes>
                <biomeIds>minecraft:mutated_forest;30,minecraft:jungle_edge;30,minecraft:mutated_redwood_taiga;30,minecraft:plains;10,minecraft:stone_beach;30</biomeIds>
            </planet>
            <planet DIMID="20" name="Sol 18: 1">
                <isKnown>false</isKnown>
                <fogColor>1.0,1.0,1.0</fogColor>
                <skyColor>0.8,0.9704464,0.8306261</skyColor>
                <gravitationalMultiplier>61</gravitationalMultiplier>
                <orbitalDistance>122</orbitalDistance>
                <orbitalTheta>91</orbitalTheta>
                <orbitalPhi>149</orbitalPhi>
                <retrograde>false</retrograde>
                <avgTemperature>231</avgTemperature>
                <rotationalPeriod>105735</rotationalPeriod>
                <atmosphereDensity>22</atmosphereDensity>
                <generateCraters>true</generateCraters>
                <generateCaves>false</generateCaves>
                <generateVolcanos>false</generateVolcanos>
                <generateStructures>false</generateStructures>
                <generateGeodes>false</generateGeodes>
                <seaLevel>79</seaLevel>
                <biomeIds>advancedrocketry:moon;30,advancedrocketry:moondark;30</biomeIds>
            </planet>
        </planet>
        <planet DIMID="4" name="Sol 4">
            <isKnown>false</isKnown>
            <GasGiant>true</GasGiant>
            <gas>hydrogen</gas>
            <gas>helium</gas>
            <fogColor>1.0,1.0,1.0</fogColor>
            <skyColor>1.0,1.0,1.0</skyColor>
            <gravitationalMultiplier>130</gravitationalMultiplier>
            <orbitalDistance>198</orbitalDistance>
            <orbitalTheta>0</orbitalTheta>
            <orbitalPhi>0</orbitalPhi>
            <retrograde>false</retrograde>
            <avgTemperature>210</avgTemperature>
            <rotationalPeriod>24000</rotationalPeriod>
            <atmosphereDensity>112</atmosphereDensity>
            <generateCraters>false</generateCraters>
            <generateCaves>false</generateCaves>
            <generateVolcanos>false</generateVolcanos>
            <generateStructures>false</generateStructures>
            <generateGeodes>false</generateGeodes>
            <planet DIMID="5" name="Sol 4: 0">
                <isKnown>false</isKnown>
                <fogColor>1.0,1.0,1.0</fogColor>
                <skyColor>0.8,0.82111794,0.8970691</skyColor>
                <gravitationalMultiplier>82</gravitationalMultiplier>
                <orbitalDistance>119</orbitalDistance>
                <orbitalTheta>114</orbitalTheta>
                <orbitalPhi>-188</orbitalPhi>
                <retrograde>false</retrograde>
                <avgTemperature>234</avgTemperature>
                <rotationalPeriod>43528</rotationalPeriod>
                <atmosphereDensity>16</atmosphereDensity>
                <generateCraters>true</generateCraters>
                <generateCaves>false</generateCaves>
                <generateVolcanos>false</generateVolcanos>
                <generateStructures>false</generateStructures>
                <generateGeodes>false</generateGeodes>
                <biomeIds>advancedrocketry:moon;30,advancedrocketry:moondark;30</biomeIds>
            </planet>
        </planet>
        <planet DIMID="21" name="Sol 21">
            <isKnown>false</isKnown>
            <fogColor>1.0,1.0,1.0</fogColor>
            <skyColor>0.8,0.58308715,0.77942705</skyColor>
            <gravitationalMultiplier>127</gravitationalMultiplier>
            <orbitalDistance>173</orbitalDistance>
            <orbitalTheta>68</orbitalTheta>
            <orbitalPhi>-52</orbitalPhi>
            <retrograde>false</retrograde>
            <avgTemperature>252</avgTemperature>
            <rotationalPeriod>11579</rotationalPeriod>
            <atmosphereDensity>177</atmosphereDensity>
            <generateCraters>false</generateCraters>
            <generateCaves>false</generateCaves>
            <generateVolcanos>false</generateVolcanos>
            <generateStructures>true</generateStructures>
            <generateGeodes>true</generateGeodes>
            <biomeIds>minecraft:extreme_hills;10</biomeIds>
            <planet DIMID="22" name="Sol 21: 0">
                <isKnown>false</isKnown>
                <fogColor>1.0,1.0,1.0</fogColor>
                <skyColor>0.8,0.67891943,0.8729883</skyColor>
                <gravitationalMultiplier>75</gravitationalMultiplier>
                <orbitalDistance>129</orbitalDistance>
                <orbitalTheta>326</orbitalTheta>
                <orbitalPhi>-333</orbitalPhi>
                <retrograde>false</retrograde>
                <avgTemperature>225</avgTemperature>
                <rotationalPeriod>56888</rotationalPeriod>
                <atmosphereDensity>21</atmosphereDensity>
                <generateCraters>true</generateCraters>
                <generateCaves>false</generateCaves>
                <generateVolcanos>false</generateVolcanos>
                <generateStructures>false</generateStructures>
                <generateGeodes>false</generateGeodes>
                <biomeIds>advancedrocketry:moon;30,advancedrocketry:moondark;30</biomeIds>
            </planet>
            <planet DIMID="23" name="Sol 21: 1">
                <isKnown>false</isKnown>
                <fogColor>1.0,1.0,1.0</fogColor>
                <skyColor>0.8,0.54058576,1.0</skyColor>
                <gravitationalMultiplier>75</gravitationalMultiplier>
                <orbitalDistance>175</orbitalDistance>
                <orbitalTheta>229</orbitalTheta>
                <orbitalPhi>-335</orbitalPhi>
                <retrograde>false</retrograde>
                <avgTemperature>193</avgTemperature>
                <rotationalPeriod>56888</rotationalPeriod>
                <atmosphereDensity>23</atmosphereDensity>
                <generateCraters>true</generateCraters>
                <generateCaves>false</generateCaves>
                <generateVolcanos>false</generateVolcanos>
                <generateStructures>false</generateStructures>
                <generateGeodes>false</generateGeodes>
                <biomeIds>advancedrocketry:moon;30,advancedrocketry:moondark;30</biomeIds>
            </planet>
        </planet>
        <planet DIMID="6" name="Sol 6">
            <isKnown>false</isKnown>
            <fogColor>1.0,1.0,1.0</fogColor>
            <skyColor>0.8,0.6402658,0.14108127</skyColor>
            <gravitationalMultiplier>101</gravitationalMultiplier>
            <orbitalDistance>57</orbitalDistance>
            <orbitalTheta>313</orbitalTheta>
            <orbitalPhi>73</orbitalPhi>
            <retrograde>false</retrograde>
            <avgTemperature>459</avgTemperature>
            <rotationalPeriod>22951</rotationalPeriod>
            <atmosphereDensity>211</atmosphereDensity>
            <generateCraters>false</generateCraters>
            <generateCaves>false</generateCaves>
            <generateVolcanos>true</generateVolcanos>
            <generateStructures>false</generateStructures>
            <generateGeodes>true</generateGeodes>
            <seaLevel>75</seaLevel>
            <biomeIds>minecraft:mutated_savanna_rock;30,minecraft:mutated_jungle_edge;30,minecraft:mutated_mesa;30,minecraft:desert_hills;30,minecraft:jungle;30</biomeIds>
            <planet DIMID="7" name="Sol 6: 0">
                <isKnown>false</isKnown>
                <fogColor>1.0,1.0,1.0</fogColor>
                <skyColor>0.8,0.8855117,0.92499477</skyColor>
                <gravitationalMultiplier>68</gravitationalMultiplier>
                <orbitalDistance>153</orbitalDistance>
                <orbitalTheta>175</orbitalTheta>
                <orbitalPhi>20</orbitalPhi>
                <retrograde>false</retrograde>
                <avgTemperature>206</avgTemperature>
                <rotationalPeriod>76328</rotationalPeriod>
                <atmosphereDensity>32</atmosphereDensity>
                <generateCraters>true</generateCraters>
                <generateCaves>false</generateCaves>
                <generateVolcanos>false</generateVolcanos>
                <generateStructures>false</generateStructures>
                <generateGeodes>false</generateGeodes>
                <biomeIds>advancedrocketry:crystalchasms;30</biomeIds>
            </planet>
            <planet DIMID="8" name="Sol 6: 1">
                <isKnown>false</isKnown>
                <fogColor>1.0,1.0,1.0</fogColor>
                <skyColor>0.8,0.7205654,1.0</skyColor>
                <gravitationalMultiplier>43</gravitationalMultiplier>
                <orbitalDistance>170</orbitalDistance>
                <orbitalTheta>28</orbitalTheta>
                <orbitalPhi>13</orbitalPhi>
                <retrograde>false</retrograde>
                <avgTemperature>196</avgTemperature>
                <rotationalPeriod>301860</rotationalPeriod>
                <atmosphereDensity>23</atmosphereDensity>
                <generateCraters>true</generateCraters>
                <generateCaves>false</generateCaves>
                <generateVolcanos>false</generateVolcanos>
                <generateStructures>false</generateStructures>
                <generateGeodes>false</generateGeodes>
                <biomeIds>advancedrocketry:moon;30,advancedrocketry:moondark;30</biomeIds>
            </planet>
            <oceanBlock>minecraft:lava</oceanBlock>
        </planet>
        <planet DIMID="24" name="Sol 24">
            <isKnown>false</isKnown>
            <fogColor>1.0,1.0,1.0</fogColor>
            <skyColor>0.8,0.52427286,0.7253045</skyColor>
            <gravitationalMultiplier>130</gravitationalMultiplier>
            <orbitalDistance>119</orbitalDistance>
            <orbitalTheta>174</orbitalTheta>
            <orbitalPhi>-233</orbitalPhi>
            <retrograde>false</retrograde>
            <avgTemperature>277</avgTemperature>
            <rotationalPeriod>10923</rotationalPeriod>
            <atmosphereDensity>123</atmosphereDensity>
            <generateCraters>false</generateCraters>
            <generateCaves>false</generateCaves>
            <generateVolcanos>false</generateVolcanos>
            <generateStructures>true</generateStructures>
            <generateGeodes>false</generateGeodes>
            <biomeIds>minecraft:mutated_birch_forest_hills;30,minecraft:mutated_roofed_forest;30,minecraft:redwood_taiga_hills;30,minecraft:swampland;10,minecraft:mutated_birch_forest;30</biomeIds>
            <planet DIMID="25" name="Sol 24: 0">
                <isKnown>false</isKnown>
                <fogColor>1.0,1.0,1.0</fogColor>
                <skyColor>0.8,0.52224064,0.94828767</skyColor>
                <gravitationalMultiplier>45</gravitationalMultiplier>
                <orbitalDistance>149</orbitalDistance>
                <orbitalTheta>119</orbitalTheta>
                <orbitalPhi>-90</orbitalPhi>
                <retrograde>false</retrograde>
                <avgTemperature>209</avgTemperature>
                <rotationalPeriod>263374</rotationalPeriod>
                <atmosphereDensity>26</atmosphereDensity>
                <generateCraters>true</generateCraters>
                <generateCaves>false</generateCaves>
                <generateVolcanos>false</generateVolcanos>
                <generateStructures>false</generateStructures>
                <generateGeodes>false</generateGeodes>
                <biomeIds>advancedrocketry:crystalchasms;30</biomeIds>
            </planet>
        </planet>
        <planet DIMID="9" name="Sol 9">
            <isKnown>false</isKnown>
            <fogColor>1.0,1.0,1.0</fogColor>
            <skyColor>0.8,0.531205,0.94391406</skyColor>
            <gravitationalMultiplier>108</gravitationalMultiplier>
            <orbitalDistance>150</orbitalDistance>
            <orbitalTheta>187</orbitalTheta>
            <orbitalPhi>49</orbitalPhi>
            <retrograde>false</retrograde>
            <avgTemperature>209</avgTemperature>
            <rotationalPeriod>18789</rotationalPeriod>
            <atmosphereDensity>63</atmosphereDensity>
            <generateCraters>true</generateCraters>
            <generateCaves>false</generateCaves>
            <generateVolcanos>false</generateVolcanos>
            <generateStructures>false</generateStructures>
            <generateGeodes>false</generateGeodes>
            <biomeIds>advancedrocketry:crystalchasms;30</biomeIds>
            <planet DIMID="10" name="Sol 9: 0">
                <isKnown>false</isKnown>
                <fogColor>1.0,1.0,1.0</fogColor>
                <skyColor>0.8,0.9599067,0.8802443</skyColor>
                <gravitationalMultiplier>47</gravitationalMultiplier>
                <orbitalDistance>132</orbitalDistance>
                <orbitalTheta>217</orbitalTheta>
                <orbitalPhi>-296</orbitalPhi>
                <retrograde>false</retrograde>
                <avgTemperature>222</avgTemperature>
                <rotationalPeriod>231162</rotationalPeriod>
                <atmosphereDensity>13</atmosphereDensity>
                <generateCraters>true</generateCraters>
                <generateCaves>false</generateCaves>
                <generateVolcanos>false</generateVolcanos>
                <generateStructures>false</generateStructures>
                <generateGeodes>false</generateGeodes>
                <biomeIds>advancedrocketry:moon;30,advancedrocketry:moondark;30</biomeIds>
            </planet>
            <planet DIMID="11" name="Sol 9: 1">
                <isKnown>false</isKnown>
                <fogColor>1.0,1.0,1.0</fogColor>
                <skyColor>0.8,0.97420835,0.8630587</skyColor>
                <gravitationalMultiplier>58</gravitationalMultiplier>
                <orbitalDistance>104</orbitalDistance>
                <orbitalTheta>306</orbitalTheta>
                <orbitalPhi>-246</orbitalPhi>
                <retrograde>false</retrograde>
                <avgTemperature>250</avgTemperature>
                <rotationalPeriod>116857</rotationalPeriod>
                <atmosphereDensity>25</atmosphereDensity>
                <generateCraters>true</generateCraters>
                <generateCaves>false</generateCaves>
                <generateVolcanos>false</generateVolcanos>
                <generateStructures>false</generateStructures>
                <generateGeodes>false</generateGeodes>
                <biomeIds>advancedrocketry:moon;30,advancedrocketry:moondark;30</biomeIds>
            </planet>
        </planet>
        <planet DIMID="26" name="Sol 26">
            <isKnown>false</isKnown>
            <fogColor>1.0,1.0,1.0</fogColor>
            <skyColor>0.8,0.64640534,0.6672857</skyColor>
            <gravitationalMultiplier>129</gravitationalMultiplier>
            <orbitalDistance>74</orbitalDistance>
            <orbitalTheta>10</orbitalTheta>
            <orbitalPhi>-327</orbitalPhi>
            <retrograde>false</retrograde>
            <avgTemperature>297</avgTemperature>
            <rotationalPeriod>11051</rotationalPeriod>
            <atmosphereDensity>33</atmosphereDensity>
            <generateCraters>true</generateCraters>
            <generateCaves>false</generateCaves>
            <generateVolcanos>false</generateVolcanos>
            <generateStructures>false</generateStructures>
            <generateGeodes>false</generateGeodes>
            <biomeIds>minecraft:extreme_hills;10</biomeIds>
        </planet>
        <planet DIMID="12" name="Sol 12">
            <isKnown>false</isKnown>
            <fogColor>1.0,1.0,1.0</fogColor>
            <skyColor>0.8,0.65514255,1.0</skyColor>
            <gravitationalMultiplier>88</gravitationalMultiplier>
            <orbitalDistance>219</orbitalDistance>
            <orbitalTheta>313</orbitalTheta>
            <orbitalPhi>67</orbitalPhi>
            <retrograde>false</retrograde>
            <avgTemperature>181</avgTemperature>
            <rotationalPeriod>34624</rotationalPeriod>
            <atmosphereDensity>76</atmosphereDensity>
            <generateCraters>false</generateCraters>
            <generateCaves>false</generateCaves>
            <generateVolcanos>false</generateVolcanos>
            <generateStructures>false</generateStructures>
            <generateGeodes>false</generateGeodes>
            <biomeIds>advancedrocketry:crystalchasms;30</biomeIds>
        </planet>
        <planet DIMID="13" name="Sol 13">
            <isKnown>false</isKnown>
            <fogColor>1.0,1.0,1.0</fogColor>
            <skyColor>0.8,0.81601274,0.80334234</skyColor>
            <gravitationalMultiplier>130</gravitationalMultiplier>
            <orbitalDistance>158</orbitalDistance>
            <orbitalTheta>264</orbitalTheta>
            <orbitalPhi>-12</orbitalPhi>
            <retrograde>false</retrograde>
            <avgTemperature>259</avgTemperature>
            <rotationalPeriod>10923</rotationalPeriod>
            <atmosphereDensity>166</atmosphereDensity>
            <generateCraters>false</generateCraters>
            <generateCaves>false</generateCaves>
            <generateVolcanos>false</generateVolcanos>
            <generateStructures>true</generateStructures>
            <generateGeodes>true</generateGeodes>
            <seaLevel>48</seaLevel>
            <biomeIds>minecraft:jungle_edge;30,minecraft:mesa;30,minecraft:mutated_savanna_rock;30,minecraft:desert;30,minecraft:mutated_jungle_edge;30</biomeIds>
            <planet DIMID="16" name="Sol 13: 2">
                <isKnown>false</isKnown>
                <fogColor>1.0,1.0,1.0</fogColor>
                <skyColor>0.8,0.94177675,1.0</skyColor>
                <gravitationalMultiplier>55</gravitationalMultiplier>
                <orbitalDistance>182</orbitalDistance>
                <orbitalTheta>305</orbitalTheta>
                <orbitalPhi>45</orbitalPhi>
                <retrograde>false</retrograde>
                <avgTemperature>189</avgTemperature>
                <rotationalPeriod>144252</rotationalPeriod>
                <atmosphereDensity>13</atmosphereDensity>
                <generateCraters>true</generateCraters>
                <generateCaves>false</generateCaves>
                <generateVolcanos>false</generateVolcanos>
                <generateStructures>false</generateStructures>
                <generateGeodes>false</generateGeodes>
                <biomeIds>advancedrocketry:moon;30,advancedrocketry:moondark;30</biomeIds>
            </planet>
            <planet DIMID="14" name="Sol 13: 0">
                <isKnown>false</isKnown>
                <fogColor>1.0,1.0,1.0</fogColor>
                <skyColor>0.8,0.92660224,0.8384315</skyColor>
                <gravitationalMultiplier>43</gravitationalMultiplier>
                <orbitalDistance>101</orbitalDistance>
                <orbitalTheta>300</orbitalTheta>
                <orbitalPhi>-141</orbitalPhi>
                <retrograde>false</retrograde>
                <avgTemperature>254</avgTemperature>
                <rotationalPeriod>301860</rotationalPeriod>
                <atmosphereDensity>25</atmosphereDensity>
                <generateCraters>true</generateCraters>
                <generateCaves>false</generateCaves>
                <generateVolcanos>false</generateVolcanos>
                <generateStructures>false</generateStructures>
                <generateGeodes>false</generateGeodes>
                <biomeIds>advancedrocketry:moon;30,advancedrocketry:moondark;30</biomeIds>
            </planet>
            <planet DIMID="15" name="Sol 13: 1">
                <isKnown>false</isKnown>
                <fogColor>1.0,1.0,1.0</fogColor>
                <skyColor>0.8,0.796367,0.9883186</skyColor>
                <gravitationalMultiplier>51</gravitationalMultiplier>
                <orbitalDistance>168</orbitalDistance>
                <orbitalTheta>208</orbitalTheta>
                <orbitalPhi>33</orbitalPhi>
                <retrograde>false</retrograde>
                <avgTemperature>197</avgTemperature>
                <rotationalPeriod>180925</rotationalPeriod>
                <atmosphereDensity>32</atmosphereDensity>
                <generateCraters>true</generateCraters>
                <generateCaves>false</generateCaves>
                <generateVolcanos>false</generateVolcanos>
                <generateStructures>false</generateStructures>
                <generateGeodes>false</generateGeodes>
                <biomeIds>minecraft:mutated_redwood_taiga_hills;30,advancedrocketry:marsh;30,minecraft:mutated_roofed_forest;30,minecraft:birch_forest_hills;30,minecraft:mutated_savanna;30</biomeIds>
            </planet>
        </planet>
    </star>
    <star blackHole="false" name="Wolf 12" numGasGiants="0" numPlanets="0" size="1.0" temp="10" x="300" y="-200">
        <planet DIMID="32" name="Wolf 12 32">
            <isKnown>false</isKnown>
            <fogColor>1.0,1.0,1.0</fogColor>
            <skyColor>0.31602442,0.7417929,1.0</skyColor>
            <gravitationalMultiplier>127</gravitationalMultiplier>
            <orbitalDistance>87</orbitalDistance>
            <orbitalTheta>32</orbitalTheta>
            <orbitalPhi>174</orbitalPhi>
            <retrograde>false</retrograde>
            <avgTemperature>33</avgTemperature>
            <rotationalPeriod>11579</rotationalPeriod>
            <atmosphereDensity>136</atmosphereDensity>
            <generateCraters>false</generateCraters>
            <generateCaves>false</generateCaves>
            <generateVolcanos>false</generateVolcanos>
            <generateStructures>false</generateStructures>
            <generateGeodes>true</generateGeodes>
            <seaLevel>70</seaLevel>
            <biomeIds>advancedrocketry:volcanicbarren;30,advancedrocketry:crystalchasms;30,minecraft:smaller_extreme_hills;30,minecraft:mesa_rock;30,minecraft:jungle_hills;30</biomeIds>
            <planet DIMID="33" name="Wolf 12 32: 0">
                <isKnown>false</isKnown>
                <hasRings>true</hasRings>
                <ringColor>0.3337356,0.8540604,1.0</ringColor>
                <fogColor>1.0,1.0,1.0</fogColor>
                <skyColor>0.3337356,0.8540604,1.0</skyColor>
                <gravitationalMultiplier>78</gravitationalMultiplier>
                <orbitalDistance>181</orbitalDistance>
                <orbitalTheta>130</orbitalTheta>
                <orbitalPhi>-189</orbitalPhi>
                <retrograde>false</retrograde>
                <avgTemperature>19</avgTemperature>
                <rotationalPeriod>50574</rotationalPeriod>
                <atmosphereDensity>24</atmosphereDensity>
                <generateCraters>true</generateCraters>
                <generateCaves>false</generateCaves>
                <generateVolcanos>false</generateVolcanos>
                <generateStructures>false</generateStructures>
                <generateGeodes>false</generateGeodes>
                <biomeIds>advancedrocketry:moon;30,advancedrocketry:moondark;30</biomeIds>
            </planet>
            <planet DIMID="34" name="Wolf 12 32: 1">
                <isKnown>false</isKnown>
                <fogColor>1.0,1.0,1.0</fogColor>
                <skyColor>0.2967968,0.5634643,1.0</skyColor>
                <gravitationalMultiplier>56</gravitationalMultiplier>
                <orbitalDistance>156</orbitalDistance>
                <orbitalTheta>202</orbitalTheta>
                <orbitalPhi>159</orbitalPhi>
                <retrograde>false</retrograde>
                <avgTemperature>20</avgTemperature>
                <rotationalPeriod>136661</rotationalPeriod>
                <atmosphereDensity>37</atmosphereDensity>
                <generateCraters>true</generateCraters>
                <generateCaves>false</generateCaves>
                <generateVolcanos>false</generateVolcanos>
                <generateStructures>false</generateStructures>
                <generateGeodes>false</generateGeodes>
                <biomeIds>minecraft:deep_ocean;30,minecraft:mesa_clear_rock;30,minecraft:mushroom_island_shore;30,minecraft:mutated_redwood_taiga_hills;30,minecraft:roofed_forest;10</biomeIds>
            </planet>
            <planet DIMID="35" name="Wolf 12 32: 2">
                <isKnown>false</isKnown>
                <fogColor>1.0,1.0,1.0</fogColor>
                <skyColor>0.32425928,0.67727673,1.0</skyColor>
                <gravitationalMultiplier>45</gravitationalMultiplier>
                <orbitalDistance>194</orbitalDistance>
                <orbitalTheta>89</orbitalTheta>
                <orbitalPhi>299</orbitalPhi>
                <retrograde>false</retrograde>
                <avgTemperature>18</avgTemperature>
                <rotationalPeriod>263374</rotationalPeriod>
                <atmosphereDensity>20</atmosphereDensity>
                <generateCraters>true</generateCraters>
                <generateCaves>false</generateCaves>
                <generateVolcanos>false</generateVolcanos>
                <generateStructures>false</generateStructures>
                <generateGeodes>false</generateGeodes>
                <biomeIds>advancedrocketry:moon;30,advancedrocketry:moondark;30</biomeIds>
            </planet>
        </planet>
        <planet DIMID="36" name="Wolf 12 36">
            <isKnown>false</isKnown>
            <fogColor>1.0,1.0,1.0</fogColor>
            <skyColor>0.4837396,0.55069,1.0</skyColor>
            <gravitationalMultiplier>123</gravitationalMultiplier>
            <orbitalDistance>15</orbitalDistance>
            <orbitalTheta>71</orbitalTheta>
            <orbitalPhi>-344</orbitalPhi>
            <retrograde>false</retrograde>
            <avgTemperature>66</avgTemperature>
            <rotationalPeriod>12741</rotationalPeriod>
            <atmosphereDensity>57</atmosphereDensity>
            <generateCraters>true</generateCraters>
            <generateCaves>false</generateCaves>
            <generateVolcanos>false</generateVolcanos>
            <generateStructures>false</generateStructures>
            <generateGeodes>false</generateGeodes>
            <biomeIds>minecraft:jungle_edge;30,minecraft:mutated_mesa_clear_rock;30,minecraft:mutated_extreme_hills_with_trees;30,minecraft:mutated_mesa;30,minecraft:mutated_jungle_edge;30</biomeIds>
        </planet>
        <planet DIMID="27" name="Wolf 12 27">
            <isKnown>false</isKnown>
            <fogColor>1.0,1.0,1.0</fogColor>
            <skyColor>0.7206366,0.9142343,1.0</skyColor>
            <gravitationalMultiplier>113</gravitationalMultiplier>
            <orbitalDistance>7</orbitalDistance>
            <orbitalTheta>130</orbitalTheta>
            <orbitalPhi>356</orbitalPhi>
            <retrograde>false</retrograde>
            <avgTemperature>128</avgTemperature>
            <rotationalPeriod>16414</rotationalPeriod>
            <atmosphereDensity>195</atmosphereDensity>
            <generateCraters>false</generateCraters>
            <generateCaves>false</generateCaves>
            <generateVolcanos>false</generateVolcanos>
            <generateStructures>false</generateStructures>
            <generateGeodes>true</generateGeodes>
            <biomeIds>minecraft:mutated_swampland;30,advancedrocketry:crystalchasms;30,minecraft:mutated_savanna;30,minecraft:desert;30,minecraft:mutated_birch_forest;30</biomeIds>
        </planet>
        <planet DIMID="28" name="Wolf 12 28">
            <isKnown>false</isKnown>
            <fogColor>1.0,1.0,1.0</fogColor>
            <skyColor>0.3627497,0.51718307,1.0</skyColor>
            <gravitationalMultiplier>113</gravitationalMultiplier>
            <orbitalDistance>100</orbitalDistance>
            <orbitalTheta>316</orbitalTheta>
            <orbitalPhi>-69</orbitalPhi>
            <retrograde>false</retrograde>
            <avgTemperature>28</avgTemperature>
            <rotationalPeriod>16414</rotationalPeriod>
            <atmosphereDensity>94</atmosphereDensity>
            <generateCraters>false</generateCraters>
            <generateCaves>false</generateCaves>
            <generateVolcanos>false</generateVolcanos>
            <generateStructures>false</generateStructures>
            <generateGeodes>false</generateGeodes>
            <biomeIds>minecraft:mesa_rock;30,minecraft:stone_beach;30,minecraft:mushroom_island;30,minecraft:mutated_extreme_hills;30,minecraft:mutated_redwood_taiga_hills;30</biomeIds>
            <planet DIMID="29" name="Wolf 12 28: 0">
                <isKnown>false</isKnown>
                <fogColor>1.0,1.0,1.0</fogColor>
                <skyColor>0.36445367,0.79813313,1.0</skyColor>
                <gravitationalMultiplier>48</gravitationalMultiplier>
                <orbitalDistance>124</orbitalDistance>
                <orbitalTheta>113</orbitalTheta>
                <orbitalPhi>-392</orbitalPhi>
                <retrograde>false</retrograde>
                <avgTemperature>22</avgTemperature>
                <rotationalPeriod>217013</rotationalPeriod>
                <atmosphereDensity>23</atmosphereDensity>
                <generateCraters>true</generateCraters>
                <generateCaves>false</generateCaves>
                <generateVolcanos>false</generateVolcanos>
                <generateStructures>false</generateStructures>
                <generateGeodes>false</generateGeodes>
                <biomeIds>advancedrocketry:moon;30,advancedrocketry:moondark;30</biomeIds>
            </planet>
        </planet>
        <planet DIMID="30" name="Wolf 12 30">
            <isKnown>false</isKnown>
            <fogColor>1.0,1.0,1.0</fogColor>
            <skyColor>0.36137104,0.55256677,1.0</skyColor>
            <gravitationalMultiplier>124</gravitationalMultiplier>
            <orbitalDistance>135</orbitalDistance>
            <orbitalTheta>95</orbitalTheta>
            <orbitalPhi>-126</orbitalPhi>
            <retrograde>false</retrograde>
            <avgTemperature>22</avgTemperature>
            <rotationalPeriod>12436</rotationalPeriod>
            <atmosphereDensity>0</atmosphereDensity>
            <generateCraters>true</generateCraters>
            <generateCaves>false</generateCaves>
            <generateVolcanos>false</generateVolcanos>
            <generateStructures>false</generateStructures>
            <generateGeodes>false</generateGeodes>
            <biomeIds>advancedrocketry:moon;30,advancedrocketry:moondark;30</biomeIds>
            <planet DIMID="31" name="Wolf 12 30: 0">
                <isKnown>false</isKnown>
                <fogColor>1.0,1.0,1.0</fogColor>
                <skyColor>0.30557096,0.6508918,1.0</skyColor>
                <gravitationalMultiplier>50</gravitationalMultiplier>
                <orbitalDistance>156</orbitalDistance>
                <orbitalTheta>228</orbitalTheta>
                <orbitalPhi>-116</orbitalPhi>
                <retrograde>false</retrograde>
                <avgTemperature>20</avgTemperature>
                <rotationalPeriod>192000</rotationalPeriod>
                <atmosphereDensity>35</atmosphereDensity>
                <generateCraters>true</generateCraters>
                <generateCaves>false</generateCaves>
                <generateVolcanos>false</generateVolcanos>
                <generateStructures>false</generateStructures>
                <generateGeodes>false</generateGeodes>
                <biomeIds>minecraft:smaller_extreme_hills;30,minecraft:mushroom_island;30,minecraft:desert;30,minecraft:birch_forest;10,minecraft:mutated_birch_forest_hills;30</biomeIds>
            </planet>
        </planet>
    </star>
    <star blackHole="false" name="Epsilon ire" numGasGiants="0" numPlanets="0" size="1.0" temp="170" x="-200" y="80">
        <planet DIMID="48" name="Epsilon ire 48">
            <isKnown>false</isKnown>
            <fogColor>1.0,1.0,1.0</fogColor>
            <skyColor>0.8,0.9894532,0.0</skyColor>
            <gravitationalMultiplier>127</gravitationalMultiplier>
            <orbitalDistance>26</orbitalDistance>
            <orbitalTheta>226</orbitalTheta>
            <orbitalPhi>-385</orbitalPhi>
            <retrograde>false</retrograde>
            <avgTemperature>987</avgTemperature>
            <rotationalPeriod>11579</rotationalPeriod>
            <atmosphereDensity>112</atmosphereDensity>
            <generateCraters>false</generateCraters>
            <generateCaves>false</generateCaves>
            <generateVolcanos>true</generateVolcanos>
            <generateStructures>false</generateStructures>
            <generateGeodes>false</generateGeodes>
            <biomeIds>minecraft:ocean;30,minecraft:savanna;30,minecraft:deep_ocean;30,minecraft:mutated_jungle;30,minecraft:mutated_mesa_clear_rock;30</biomeIds>
            <planet DIMID="49" name="Epsilon ire 48: 0">
                <isKnown>false</isKnown>
                <fogColor>1.0,1.0,1.0</fogColor>
                <skyColor>0.8,0.58974165,0.5448135</skyColor>
                <gravitationalMultiplier>62</gravitationalMultiplier>
                <orbitalDistance>180</orbitalDistance>
                <orbitalTheta>180</orbitalTheta>
                <orbitalPhi>-259</orbitalPhi>
                <retrograde>false</retrograde>
                <avgTemperature>324</avgTemperature>
                <rotationalPeriod>100701</rotationalPeriod>
                <atmosphereDensity>33</atmosphereDensity>
                <generateCraters>true</generateCraters>
                <generateCaves>false</generateCaves>
                <generateVolcanos>false</generateVolcanos>
                <generateStructures>false</generateStructures>
                <generateGeodes>false</generateGeodes>
                <biomeIds>minecraft:taiga_cold;10,minecraft:taiga;10,minecraft:roofed_forest;10,minecraft:frozen_ocean;30,minecraft:redwood_taiga;30</biomeIds>
            </planet>
            <planet DIMID="50" name="Epsilon ire 48: 1">
                <isKnown>false</isKnown>
                <fogColor>1.0,1.0,1.0</fogColor>
                <skyColor>0.8,0.7008419,0.5800405</skyColor>
                <gravitationalMultiplier>58</gravitationalMultiplier>
                <orbitalDistance>180</orbitalDistance>
                <orbitalTheta>266</orbitalTheta>
                <orbitalPhi>-172</orbitalPhi>
                <retrograde>false</retrograde>
                <avgTemperature>324</avgTemperature>
                <rotationalPeriod>116857</rotationalPeriod>
                <atmosphereDensity>34</atmosphereDensity>
                <generateCraters>true</generateCraters>
                <generateCaves>false</generateCaves>
                <generateVolcanos>false</generateVolcanos>
                <generateStructures>false</generateStructures>
                <generateGeodes>false</generateGeodes>
                <biomeIds>minecraft:mutated_plains;30,minecraft:plains;10,minecraft:ocean;30,minecraft:forest;10,minecraft:mushroom_island_shore;30</biomeIds>
            </planet>
            <planet DIMID="51" name="Epsilon ire 48: 2">
                <isKnown>false</isKnown>
                <fogColor>1.0,1.0,1.0</fogColor>
                <skyColor>0.8,0.5375123,0.4063431</skyColor>
                <gravitationalMultiplier>65</gravitationalMultiplier>
                <orbitalDistance>127</orbitalDistance>
                <orbitalTheta>10</orbitalTheta>
                <orbitalPhi>-62</orbitalPhi>
                <retrograde>false</retrograde>
                <avgTemperature>385</avgTemperature>
                <rotationalPeriod>87391</rotationalPeriod>
                <atmosphereDensity>16</atmosphereDensity>
                <generateCraters>true</generateCraters>
                <generateCaves>false</generateCaves>
                <generateVolcanos>false</generateVolcanos>
                <generateStructures>false</generateStructures>
                <generateGeodes>false</generateGeodes>
                <biomeIds>advancedrocketry:moon;30,advancedrocketry:moondark;30</biomeIds>
            </planet>
            <oceanBlock>minecraft:lava</oceanBlock>
        </planet>
        <planet DIMID="52" name="Epsilon ire 52">
            <isKnown>false</isKnown>
            <fogColor>1.0,1.0,1.0</fogColor>
            <skyColor>0.8,0.68411356,0.36521453</skyColor>
            <gravitationalMultiplier>130</gravitationalMultiplier>
            <orbitalDistance>128</orbitalDistance>
            <orbitalTheta>258</orbitalTheta>
            <orbitalPhi>161</orbitalPhi>
            <retrograde>false</retrograde>
            <avgTemperature>384</avgTemperature>
            <rotationalPeriod>10923</rotationalPeriod>
            <atmosphereDensity>0</atmosphereDensity>
            <generateCraters>true</generateCraters>
            <generateCaves>false</generateCaves>
            <generateVolcanos>false</generateVolcanos>
            <generateStructures>false</generateStructures>
            <generateGeodes>false</generateGeodes>
            <biomeIds>advancedrocketry:moon;30,advancedrocketry:moondark;30</biomeIds>
            <planet DIMID="53" name="Epsilon ire 52: 0">
                <isKnown>false</isKnown>
                <fogColor>1.0,1.0,1.0</fogColor>
                <skyColor>0.8,0.80044204,0.27594787</skyColor>
                <gravitationalMultiplier>60</gravitationalMultiplier>
                <orbitalDistance>115</orbitalDistance>
                <orbitalTheta>229</orbitalTheta>
                <orbitalPhi>19</orbitalPhi>
                <retrograde>false</retrograde>
                <avgTemperature>405</avgTemperature>
                <rotationalPeriod>111111</rotationalPeriod>
                <atmosphereDensity>13</atmosphereDensity>
                <generateCraters>true</generateCraters>
                <generateCaves>false</generateCaves>
                <generateVolcanos>false</generateVolcanos>
                <generateStructures>false</generateStructures>
                <generateGeodes>false</generateGeodes>
                <biomeIds>advancedrocketry:moon;30,advancedrocketry:moondark;30</biomeIds>
            </planet>
        </planet>
        <planet DIMID="37" name="Epsilon ire 37">
            <isKnown>false</isKnown>
            <fogColor>1.0,1.0,1.0</fogColor>
            <skyColor>0.8,0.93441653,0.0</skyColor>
            <gravitationalMultiplier>130</gravitationalMultiplier>
            <orbitalDistance>36</orbitalDistance>
            <orbitalTheta>275</orbitalTheta>
            <orbitalPhi>-244</orbitalPhi>
            <retrograde>false</retrograde>
            <avgTemperature>962</avgTemperature>
            <rotationalPeriod>10923</rotationalPeriod>
            <atmosphereDensity>194</atmosphereDensity>
            <generateCraters>false</generateCraters>
            <generateCaves>false</generateCaves>
            <generateVolcanos>true</generateVolcanos>
            <generateStructures>false</generateStructures>
            <generateGeodes>true</generateGeodes>
            <biomeIds>minecraft:mutated_savanna;30,minecraft:mutated_savanna_rock;30,minecraft:desert_hills;30,minecraft:savanna_rock;30,minecraft:mutated_jungle;30</biomeIds>
            <oceanBlock>minecraft:lava</oceanBlock>
        </planet>
        <planet DIMID="38" name="Epsilon ire 38">
            <isKnown>false</isKnown>
            <fogColor>1.0,1.0,1.0</fogColor>
            <skyColor>0.8,0.6171379,0.09316623</skyColor>
            <gravitationalMultiplier>100</gravitationalMultiplier>
            <orbitalDistance>102</orbitalDistance>
            <orbitalTheta>137</orbitalTheta>
            <orbitalPhi>39</orbitalPhi>
            <retrograde>false</retrograde>
            <avgTemperature>471</avgTemperature>
            <rotationalPeriod>23643</rotationalPeriod>
            <atmosphereDensity>90</atmosphereDensity>
            <generateCraters>false</generateCraters>
            <generateCaves>false</generateCaves>
            <generateVolcanos>true</generateVolcanos>
            <generateStructures>false</generateStructures>
            <generateGeodes>false</generateGeodes>
            <biomeIds>minecraft:mutated_savanna_rock;30,minecraft:frozen_ocean;30,minecraft:savanna;30,minecraft:mutated_savanna;30,minecraft:jungle_edge;30</biomeIds>
            <planet DIMID="39" name="Epsilon ire 38: 0">
                <isKnown>false</isKnown>
                <fogColor>1.0,1.0,1.0</fogColor>
                <skyColor>0.8,0.593207,0.61488724</skyColor>
                <gravitationalMultiplier>51</gravitationalMultiplier>
                <orbitalDistance>197</orbitalDistance>
                <orbitalTheta>17</orbitalTheta>
                <orbitalPhi>-24</orbitalPhi>
                <retrograde>false</retrograde>
                <avgTemperature>309</avgTemperature>
                <rotationalPeriod>180925</rotationalPeriod>
                <atmosphereDensity>14</atmosphereDensity>
                <generateCraters>true</generateCraters>
                <generateCaves>false</generateCaves>
                <generateVolcanos>false</generateVolcanos>
                <generateStructures>false</generateStructures>
                <generateGeodes>false</generateGeodes>
                <biomeIds>advancedrocketry:moon;30,advancedrocketry:moondark;30</biomeIds>
            </planet>
            <planet DIMID="40" name="Epsilon ire 38: 1">
                <isKnown>false</isKnown>
                <fogColor>1.0,1.0,1.0</fogColor>
                <skyColor>0.8,0.7202802,0.57983494</skyColor>
                <gravitationalMultiplier>69</gravitationalMultiplier>
                <orbitalDistance>177</orbitalDistance>
                <orbitalTheta>266</orbitalTheta>
                <orbitalPhi>-362</orbitalPhi>
                <retrograde>false</retrograde>
                <avgTemperature>326</avgTemperature>
                <rotationalPeriod>73057</rotationalPeriod>
                <atmosphereDensity>23</atmosphereDensity>
                <generateCraters>true</generateCraters>
                <generateCaves>false</generateCaves>
                <generateVolcanos>false</generateVolcanos>
                <generateStructures>false</generateStructures>
                <generateGeodes>false</generateGeodes>
                <biomeIds>advancedrocketry:moon;30,advancedrocketry:moondark;30</biomeIds>
            </planet>
            <planet DIMID="41" name="Epsilon ire 38: 2">
                <isKnown>false</isKnown>
                <fogColor>1.0,1.0,1.0</fogColor>
                <skyColor>0.8,0.72004145,0.37321448</skyColor>
                <gravitationalMultiplier>61</gravitationalMultiplier>
                <orbitalDistance>119</orbitalDistance>
                <orbitalTheta>191</orbitalTheta>
                <orbitalPhi>-263</orbitalPhi>
                <retrograde>false</retrograde>
                <avgTemperature>398</avgTemperature>
                <rotationalPeriod>105735</rotationalPeriod>
                <atmosphereDensity>30</atmosphereDensity>
                <generateCraters>true</generateCraters>
                <generateCaves>false</generateCaves>
                <generateVolcanos>false</generateVolcanos>
                <generateStructures>false</generateStructures>
                <generateGeodes>false</generateGeodes>
                <biomeIds>minecraft:desert_hills;30</biomeIds>
            </planet>
            <oceanBlock>minecraft:lava</oceanBlock>
        </planet>
        <planet DIMID="54" name="Epsilon ire 54">
            <isKnown>false</isKnown>
            <fogColor>1.0,1.0,1.0</fogColor>
            <skyColor>0.8,0.6640971,0.17281115</skyColor>
            <gravitationalMultiplier>114</gravitationalMultiplier>
            <orbitalDistance>151</orbitalDistance>
            <orbitalTheta>244</orbitalTheta>
            <orbitalPhi>-230</orbitalPhi>
            <retrograde>false</retrograde>
            <avgTemperature>444</avgTemperature>
            <rotationalPeriod>15988</rotationalPeriod>
            <atmosphereDensity>155</atmosphereDensity>
            <generateCraters>false</generateCraters>
            <generateCaves>false</generateCaves>
            <generateVolcanos>false</generateVolcanos>
            <generateStructures>true</generateStructures>
            <generateGeodes>true</generateGeodes>
            <biomeIds>minecraft:mushroom_island;30</biomeIds>
        </planet>
        <planet DIMID="42" name="Epsilon ire 42">
            <isKnown>false</isKnown>
            <fogColor>1.0,1.0,1.0</fogColor>
            <skyColor>0.8,0.9770515,0.52662563</skyColor>
            <gravitationalMultiplier>130</gravitationalMultiplier>
            <orbitalDistance>153</orbitalDistance>
            <orbitalTheta>325</orbitalTheta>
            <orbitalPhi>-18</orbitalPhi>
            <retrograde>false</retrograde>
            <avgTemperature>351</avgTemperature>
            <rotationalPeriod>10923</rotationalPeriod>
            <atmosphereDensity>9</atmosphereDensity>
            <generateCraters>true</generateCraters>
            <generateCaves>false</generateCaves>
            <generateVolcanos>false</generateVolcanos>
            <generateStructures>false</generateStructures>
            <generateGeodes>false</generateGeodes>
            <seaLevel>52</seaLevel>
            <biomeIds>advancedrocketry:moon;30,advancedrocketry:moondark;30</biomeIds>
            <planet DIMID="43" name="Epsilon ire 42: 0">
                <isKnown>false</isKnown>
                <fogColor>1.0,1.0,1.0</fogColor>
                <skyColor>0.8,0.7618153,0.3363784</skyColor>
                <gravitationalMultiplier>58</gravitationalMultiplier>
                <orbitalDistance>118</orbitalDistance>
                <orbitalTheta>100</orbitalTheta>
                <orbitalPhi>172</orbitalPhi>
                <retrograde>false</retrograde>
                <avgTemperature>400</avgTemperature>
                <rotationalPeriod>123006</rotationalPeriod>
                <atmosphereDensity>32</atmosphereDensity>
                <generateCraters>true</generateCraters>
                <generateCaves>false</generateCaves>
                <generateVolcanos>false</generateVolcanos>
                <generateStructures>false</generateStructures>
                <generateGeodes>false</generateGeodes>
                <biomeIds>minecraft:deep_ocean;30,minecraft:extreme_hills_with_trees;30,minecraft:mutated_mesa;30,advancedrocketry:crystalchasms;30,minecraft:mutated_savanna_rock;30</biomeIds>
            </planet>
        </planet>
        <planet DIMID="44" name="Epsilon ire 44">
            <isKnown>false</isKnown>
            <fogColor>1.0,1.0,1.0</fogColor>
            <skyColor>0.8,0.51620835,0.16896003</skyColor>
            <gravitationalMultiplier>130</gravitationalMultiplier>
            <orbitalDistance>161</orbitalDistance>
            <orbitalTheta>180</orbitalTheta>
            <orbitalPhi>99</orbitalPhi>
            <retrograde>false</retrograde>
            <avgTemperature>432</avgTemperature>
            <rotationalPeriod>10923</rotationalPeriod>
            <atmosphereDensity>158</atmosphereDensity>
            <generateCraters>false</generateCraters>
            <generateCaves>false</generateCaves>
            <generateVolcanos>false</generateVolcanos>
            <generateStructures>true</generateStructures>
            <generateGeodes>true</generateGeodes>
            <biomeIds>minecraft:mesa_clear_rock;30,minecraft:mutated_mesa_clear_rock;30,minecraft:mutated_mesa_rock;30,minecraft:roofed_forest;10,advancedrocketry:oceanspires;30</biomeIds>
            <planet DIMID="45" name="Epsilon ire 44: 0">
                <isKnown>false</isKnown>
                <fogColor>1.0,1.0,1.0</fogColor>
                <skyColor>0.8,0.54553264,0.4209069</skyColor>
                <gravitationalMultiplier>55</gravitationalMultiplier>
                <orbitalDistance>132</orbitalDistance>
                <orbitalTheta>164</orbitalTheta>
                <orbitalPhi>-27</orbitalPhi>
                <retrograde>false</retrograde>
                <avgTemperature>378</avgTemperature>
                <rotationalPeriod>144252</rotationalPeriod>
                <atmosphereDensity>30</atmosphereDensity>
                <generateCraters>true</generateCraters>
                <generateCaves>false</generateCaves>
                <generateVolcanos>false</generateVolcanos>
                <generateStructures>false</generateStructures>
                <generateGeodes>false</generateGeodes>
                <biomeIds>advancedrocketry:volcanicbarren;30,advancedrocketry:oceanspires;30,minecraft:mutated_extreme_hills_with_trees;30,minecraft:frozen_ocean;30,minecraft:beaches;30</biomeIds>
            </planet>
            <planet DIMID="46" name="Epsilon ire 44: 1">
                <isKnown>false</isKnown>
                <fogColor>1.0,1.0,1.0</fogColor>
                <skyColor>0.8,0.78688437,0.55174834</skyColor>
                <gravitationalMultiplier>42</gravitationalMultiplier>
                <orbitalDistance>178</orbitalDistance>
                <orbitalTheta>275</orbitalTheta>
                <orbitalPhi>-64</orbitalPhi>
                <retrograde>false</retrograde>
                <avgTemperature>325</avgTemperature>
                <rotationalPeriod>323939</rotationalPeriod>
                <atmosphereDensity>22</atmosphereDensity>
                <generateCraters>true</generateCraters>
                <generateCaves>false</generateCaves>
                <generateVolcanos>false</generateVolcanos>
                <generateStructures>false</generateStructures>
                <generateGeodes>false</generateGeodes>
                <biomeIds>advancedrocketry:moon;30,advancedrocketry:moondark;30</biomeIds>
            </planet>
            <planet DIMID="47" name="Epsilon ire 44: 2">
                <isKnown>false</isKnown>
                <fogColor>1.0,1.0,1.0</fogColor>
                <skyColor>0.8,0.67403436,0.41223925</skyColor>
                <gravitationalMultiplier>58</gravitationalMultiplier>
                <orbitalDistance>127</orbitalDistance>
                <orbitalTheta>297</orbitalTheta>
                <orbitalPhi>410</orbitalPhi>
                <retrograde>false</retrograde>
                <avgTemperature>385</avgTemperature>
                <rotationalPeriod>116857</rotationalPeriod>
                <atmosphereDensity>28</atmosphereDensity>
                <generateCraters>true</generateCraters>
                <generateCaves>false</generateCaves>
                <generateVolcanos>false</generateVolcanos>
                <generateStructures>false</generateStructures>
                <generateGeodes>false</generateGeodes>
                <biomeIds>minecraft:forest_hills;30,minecraft:extreme_hills;10,minecraft:savanna;30,minecraft:mutated_roofed_forest;30,minecraft:forest;10</biomeIds>
            </planet>
        </planet>
    </star>
    <star blackHole="false" name="Proxima Centaurs" numGasGiants="0" numPlanets="0" size="1.0" temp="200" x="-150" y="250">
        <planet DIMID="55" name="Proxima Centaurs 55">
            <isKnown>false</isKnown>
            <fogColor>1.0,1.0,1.0</fogColor>
            <skyColor>0.8,0.522571,0.0</skyColor>
            <gravitationalMultiplier>89</gravitationalMultiplier>
            <orbitalDistance>9</orbitalDistance>
            <orbitalTheta>293</orbitalTheta>
            <orbitalPhi>-94</orbitalPhi>
            <retrograde>false</retrograde>
            <avgTemperature>2068</avgTemperature>
            <rotationalPeriod>33476</rotationalPeriod>
            <atmosphereDensity>135</atmosphereDensity>
            <generateCraters>false</generateCraters>
            <generateCaves>false</generateCaves>
            <generateVolcanos>true</generateVolcanos>
            <generateStructures>false</generateStructures>
            <generateGeodes>true</generateGeodes>
            <biomeIds>minecraft:jungle_hills;30,advancedrocketry:volcanicbarren;30,minecraft:savanna_rock;30,minecraft:mutated_mesa_clear_rock;30,minecraft:frozen_ocean;30</biomeIds>
            <oceanBlock>minecraft:lava</oceanBlock>
        </planet>
        <planet DIMID="56" name="Proxima Centaurs 56">
            <isKnown>false</isKnown>
            <fogColor>1.0,1.0,1.0</fogColor>
            <skyColor>0.8,0.9217706,0.0</skyColor>
            <gravitationalMultiplier>94</gravitationalMultiplier>
            <orbitalDistance>100</orbitalDistance>
            <orbitalTheta>201</orbitalTheta>
            <orbitalPhi>-71</orbitalPhi>
            <retrograde>false</retrograde>
            <avgTemperature>528</avgTemperature>
            <rotationalPeriod>28439</rotationalPeriod>
            <atmosphereDensity>71</atmosphereDensity>
            <generateCraters>true</generateCraters>
            <generateCaves>false</generateCaves>
            <generateVolcanos>true</generateVolcanos>
            <generateStructures>false</generateStructures>
            <generateGeodes>false</generateGeodes>
            <biomeIds>minecraft:mutated_mesa_clear_rock;30,advancedrocketry:volcanicbarren;30,minecraft:savanna_rock;30,minecraft:frozen_ocean;30,minecraft:mutated_jungle_edge;30</biomeIds>
            <oceanBlock>minecraft:lava</oceanBlock>
        </planet>
        <planet DIMID="57" name="Proxima Centaurs 57">
            <isKnown>false</isKnown>
            <fogColor>1.0,1.0,1.0</fogColor>
            <skyColor>0.8,0.8388213,0.5097475</skyColor>
            <gravitationalMultiplier>130</gravitationalMultiplier>
            <orbitalDistance>214</orbitalDistance>
            <orbitalTheta>328</orbitalTheta>
            <orbitalPhi>-149</orbitalPhi>
            <retrograde>false</retrograde>
            <avgTemperature>349</avgTemperature>
            <rotationalPeriod>10923</rotationalPeriod>
            <atmosphereDensity>13</atmosphereDensity>
            <generateCraters>true</generateCraters>
            <generateCaves>false</generateCaves>
            <generateVolcanos>false</generateVolcanos>
            <generateStructures>false</generateStructures>
            <generateGeodes>false</generateGeodes>
            <biomeIds>advancedrocketry:moon;30,advancedrocketry:moondark;30</biomeIds>
        </planet>
    </star>
    <star blackHole="false" name="Magnis Vulpes" numGasGiants="0" numPlanets="0" size="1.0" temp="70" x="-150" y="-250">
        <planet DIMID="58" name="Magnis Vulpes 58">
            <isKnown>false</isKnown>
            <fogColor>1.0,1.0,1.0</fogColor>
            <skyColor>0.8,0.72779197,0.9343272</skyColor>
            <gravitationalMultiplier>130</gravitationalMultiplier>
            <orbitalDistance>92</orbitalDistance>
            <orbitalTheta>202</orbitalTheta>
            <orbitalPhi>144</orbitalPhi>
            <retrograde>false</retrograde>
            <avgTemperature>223</avgTemperature>
            <rotationalPeriod>10923</rotationalPeriod>
            <atmosphereDensity>128</atmosphereDensity>
            <generateCraters>false</generateCraters>
            <generateCaves>false</generateCaves>
            <generateVolcanos>false</generateVolcanos>
            <generateStructures>false</generateStructures>
            <generateGeodes>true</generateGeodes>
            <biomeIds>minecraft:mutated_mesa;30,minecraft:roofed_forest;10,minecraft:mutated_mesa_rock;30,minecraft:mutated_swampland;30,minecraft:mutated_extreme_hills;30</biomeIds>
        </planet>
        <planet DIMID="59" name="Magnis Vulpes 59">
            <isKnown>false</isKnown>
            <fogColor>1.0,1.0,1.0</fogColor>
            <skyColor>0.8,0.9569038,0.87814826</skyColor>
            <gravitationalMultiplier>130</gravitationalMultiplier>
            <orbitalDistance>89</orbitalDistance>
            <orbitalTheta>169</orbitalTheta>
            <orbitalPhi>-105</orbitalPhi>
            <retrograde>false</retrograde>
            <avgTemperature>220</avgTemperature>
            <rotationalPeriod>10923</rotationalPeriod>
            <atmosphereDensity>114</atmosphereDensity>
            <generateCraters>false</generateCraters>
            <generateCaves>false</generateCaves>
            <generateVolcanos>false</generateVolcanos>
            <generateStructures>false</generateStructures>
            <generateGeodes>false</generateGeodes>
            <biomeIds>advancedrocketry:crystalchasms;30</biomeIds>
        </planet>
    </star>
    <star blackHole="false" name="Ma-Roo" numGasGiants="0" numPlanets="0" size="1.0" temp="200" x="50" y="-250">
        <planet DIMID="66" name="Ma-Roo 66">
            <isKnown>false</isKnown>
            <fogColor>1.0,1.0,1.0</fogColor>
            <skyColor>0.8,0.7935547,0.0</skyColor>
            <gravitationalMultiplier>118</gravitationalMultiplier>
            <orbitalDistance>164</orbitalDistance>
            <orbitalTheta>21</orbitalTheta>
            <orbitalPhi>125</orbitalPhi>
            <retrograde>false</retrograde>
            <avgTemperature>517</avgTemperature>
            <rotationalPeriod>14423</rotationalPeriod>
            <atmosphereDensity>176</atmosphereDensity>
            <generateCraters>false</generateCraters>
            <generateCaves>false</generateCaves>
            <generateVolcanos>true</generateVolcanos>
            <generateStructures>false</generateStructures>
            <generateGeodes>true</generateGeodes>
            <biomeIds>minecraft:mutated_jungle;30,minecraft:ocean;30,minecraft:frozen_ocean;30,minecraft:desert;30,minecraft:savanna;30</biomeIds>
            <planet DIMID="67" name="Ma-Roo 66: 0">
                <isKnown>false</isKnown>
                <fogColor>1.0,1.0,1.0</fogColor>
                <skyColor>0.8,0.9799553,0.3840465</skyColor>
                <gravitationalMultiplier>82</gravitationalMultiplier>
                <orbitalDistance>173</orbitalDistance>
                <orbitalTheta>227</orbitalTheta>
                <orbitalPhi>115</orbitalPhi>
                <retrograde>false</retrograde>
                <avgTemperature>389</avgTemperature>
                <rotationalPeriod>43528</rotationalPeriod>
                <atmosphereDensity>22</atmosphereDensity>
                <generateCraters>true</generateCraters>
                <generateCaves>false</generateCaves>
                <generateVolcanos>false</generateVolcanos>
                <generateStructures>false</generateStructures>
                <generateGeodes>false</generateGeodes>
                <biomeIds>advancedrocketry:moon;30,advancedrocketry:moondark;30</biomeIds>
            </planet>
            <oceanBlock>minecraft:lava</oceanBlock>
        </planet>
        <planet DIMID="68" name="Ma-Roo 68">
            <isKnown>false</isKnown>
            <fogColor>1.0,1.0,1.0</fogColor>
            <skyColor>0.8,0.5262991,0.0</skyColor>
            <gravitationalMultiplier>126</gravitationalMultiplier>
            <orbitalDistance>70</orbitalDistance>
            <orbitalTheta>289</orbitalTheta>
            <orbitalPhi>-157</orbitalPhi>
            <retrograde>false</retrograde>
            <avgTemperature>611</avgTemperature>
            <rotationalPeriod>11856</rotationalPeriod>
            <atmosphereDensity>51</atmosphereDensity>
            <generateCraters>true</generateCraters>
            <generateCaves>false</generateCaves>
            <generateVolcanos>true</generateVolcanos>
            <generateStructures>false</generateStructures>
            <generateGeodes>false</generateGeodes>
            <biomeIds>minecraft:deep_ocean;30,minecraft:jungle;30,minecraft:frozen_ocean;30,advancedrocketry:marsh;30,minecraft:mutated_savanna_rock;30</biomeIds>
            <planet DIMID="69" name="Ma-Roo 68: 0">
                <isKnown>false</isKnown>
                <fogColor>1.0,1.0,1.0</fogColor>
                <skyColor>0.8,0.98500466,0.40794033</skyColor>
                <gravitationalMultiplier>48</gravitationalMultiplier>
                <orbitalDistance>182</orbitalDistance>
                <orbitalTheta>20</orbitalTheta>
                <orbitalPhi>-136</orbitalPhi>
                <retrograde>false</retrograde>
                <avgTemperature>379</avgTemperature>
                <rotationalPeriod>217013</rotationalPeriod>
                <atmosphereDensity>27</atmosphereDensity>
                <generateCraters>true</generateCraters>
                <generateCaves>false</generateCaves>
                <generateVolcanos>false</generateVolcanos>
                <generateStructures>false</generateStructures>
                <generateGeodes>false</generateGeodes>
                <biomeIds>minecraft:jungle_hills;30,minecraft:mesa;30,minecraft:beaches;30,advancedrocketry:oceanspires;30,minecraft:mutated_jungle;30</biomeIds>
            </planet>
            <planet DIMID="70" name="Ma-Roo 68: 1">
                <isKnown>false</isKnown>
                <fogColor>1.0,1.0,1.0</fogColor>
                <skyColor>0.8,0.5034907,0.13865429</skyColor>
                <gravitationalMultiplier>49</gravitationalMultiplier>
                <orbitalDistance>131</orbitalDistance>
                <orbitalTheta>41</orbitalTheta>
                <orbitalPhi>-311</orbitalPhi>
                <retrograde>false</retrograde>
                <avgTemperature>447</avgTemperature>
                <rotationalPeriod>203996</rotationalPeriod>
                <atmosphereDensity>31</atmosphereDensity>
                <generateCraters>true</generateCraters>
                <generateCaves>false</generateCaves>
                <generateVolcanos>false</generateVolcanos>
                <generateStructures>false</generateStructures>
                <generateGeodes>false</generateGeodes>
                <biomeIds>minecraft:desert;30,minecraft:mutated_mesa_rock;30,minecraft:deep_ocean;30,advancedrocketry:oceanspires;30,minecraft:smaller_extreme_hills;30</biomeIds>
            </planet>
            <planet DIMID="71" name="Ma-Roo 68: 2">
                <isKnown>false</isKnown>
                <fogColor>1.0,1.0,1.0</fogColor>
                <skyColor>0.8,0.5763383,0.18260443</skyColor>
                <gravitationalMultiplier>64</gravitationalMultiplier>
                <orbitalDistance>138</orbitalDistance>
                <orbitalTheta>321</orbitalTheta>
                <orbitalPhi>-12</orbitalPhi>
                <retrograde>false</retrograde>
                <avgTemperature>435</avgTemperature>
                <rotationalPeriod>91552</rotationalPeriod>
                <atmosphereDensity>16</atmosphereDensity>
                <generateCraters>true</generateCraters>
                <generateCaves>false</generateCaves>
                <generateVolcanos>false</generateVolcanos>
                <generateStructures>false</generateStructures>
                <generateGeodes>false</generateGeodes>
                <seaLevel>72</seaLevel>
                <biomeIds>advancedrocketry:moon;30,advancedrocketry:moondark;30</biomeIds>
            </planet>
            <oceanBlock>minecraft:lava</oceanBlock>
        </planet>
        <planet DIMID="72" name="Ma-Roo 72">
            <isKnown>false</isKnown>
            <fogColor>1.0,1.0,1.0</fogColor>
            <skyColor>0.8,0.7584814,0.08889097</skyColor>
            <gravitationalMultiplier>91</gravitationalMultiplier>
            <orbitalDistance>112</orbitalDistance>
            <orbitalTheta>75</orbitalTheta>
            <orbitalPhi>-104</orbitalPhi>
            <retrograde>false</retrograde>
            <avgTemperature>483</avgTemperature>
            <rotationalPeriod>31329</rotationalPeriod>
            <atmosphereDensity>0</atmosphereDensity>
            <generateCraters>true</generateCraters>
            <generateCaves>false</generateCaves>
            <generateVolcanos>true</generateVolcanos>
            <generateStructures>false</generateStructures>
            <generateGeodes>false</generateGeodes>
            <seaLevel>73</seaLevel>
            <biomeIds>advancedrocketry:moon;30,advancedrocketry:moondark;30</biomeIds>
            <oceanBlock>minecraft:lava</oceanBlock>
        </planet>
        <planet DIMID="60" name="Ma-Roo 60">
            <isKnown>false</isKnown>
            <fogColor>1.0,1.0,1.0</fogColor>
            <skyColor>0.8,0.5972792,0.0</skyColor>
            <gravitationalMultiplier>130</gravitationalMultiplier>
            <orbitalDistance>51</orbitalDistance>
            <orbitalTheta>107</orbitalTheta>
            <orbitalPhi>-105</orbitalPhi>
            <retrograde>false</retrograde>
            <avgTemperature>917</avgTemperature>
            <rotationalPeriod>10923</rotationalPeriod>
            <atmosphereDensity>168</atmosphereDensity>
            <generateCraters>false</generateCraters>
            <generateCaves>false</generateCaves>
            <generateVolcanos>true</generateVolcanos>
            <generateStructures>false</generateStructures>
            <generateGeodes>true</generateGeodes>
            <biomeIds>minecraft:mutated_desert;30,minecraft:mutated_mesa;30,minecraft:desert;30,minecraft:savanna;30,minecraft:jungle_edge;30</biomeIds>
            <oceanBlock>minecraft:lava</oceanBlock>
        </planet>
        <planet DIMID="61" name="Ma-Roo 61">
            <isKnown>false</isKnown>
            <fogColor>1.0,1.0,1.0</fogColor>
            <skyColor>0.8,0.8603009,0.0</skyColor>
            <gravitationalMultiplier>116</gravitationalMultiplier>
            <orbitalDistance>121</orbitalDistance>
            <orbitalTheta>228</orbitalTheta>
            <orbitalPhi>-463</orbitalPhi>
            <retrograde>false</retrograde>
            <avgTemperature>537</avgTemperature>
            <rotationalPeriod>15178</rotationalPeriod>
            <atmosphereDensity>111</atmosphereDensity>
            <generateCraters>false</generateCraters>
            <generateCaves>false</generateCaves>
            <generateVolcanos>true</generateVolcanos>
            <generateStructures>false</generateStructures>
            <generateGeodes>false</generateGeodes>
            <seaLevel>52</seaLevel>
            <biomeIds>minecraft:mutated_jungle;30,minecraft:mutated_savanna;30,minecraft:desert_hills;30,advancedrocketry:marsh;30,minecraft:jungle;30</biomeIds>
            <oceanBlock>minecraft:lava</oceanBlock>
        </planet>
        <planet DIMID="62" name="Ma-Roo 62">
            <isKnown>false</isKnown>
            <fogColor>1.0,1.0,1.0</fogColor>
            <skyColor>0.8,0.8235776,0.11244327</skyColor>
            <gravitationalMultiplier>130</gravitationalMultiplier>
            <orbitalDistance>131</orbitalDistance>
            <orbitalTheta>279</orbitalTheta>
            <orbitalPhi>-323</orbitalPhi>
            <retrograde>false</retrograde>
            <avgTemperature>447</avgTemperature>
            <rotationalPeriod>10923</rotationalPeriod>
            <atmosphereDensity>45</atmosphereDensity>
            <generateCraters>true</generateCraters>
            <generateCaves>false</generateCaves>
            <generateVolcanos>false</generateVolcanos>
            <generateStructures>false</generateStructures>
            <generateGeodes>false</generateGeodes>
            <biomeIds>minecraft:beaches;30,minecraft:extreme_hills;10,minecraft:mutated_extreme_hills;30,minecraft:mutated_birch_forest_hills;30,minecraft:forest;10</biomeIds>
            <planet DIMID="64" name="Ma-Roo 62: 1">
                <isKnown>false</isKnown>
                <fogColor>1.0,1.0,1.0</fogColor>
                <skyColor>0.8,0.81167173,0.23042327</skyColor>
                <gravitationalMultiplier>55</gravitationalMultiplier>
                <orbitalDistance>144</orbitalDistance>
                <orbitalTheta>295</orbitalTheta>
                <orbitalPhi>326</orbitalPhi>
                <retrograde>false</retrograde>
                <avgTemperature>426</avgTemperature>
                <rotationalPeriod>144252</rotationalPeriod>
                <atmosphereDensity>30</atmosphereDensity>
                <generateCraters>true</generateCraters>
                <generateCaves>false</generateCaves>
                <generateVolcanos>false</generateVolcanos>
                <generateStructures>false</generateStructures>
                <generateGeodes>false</generateGeodes>
                <biomeIds>minecraft:desert_hills;30</biomeIds>
            </planet>
            <planet DIMID="65" name="Ma-Roo 62: 2">
                <isKnown>false</isKnown>
                <fogColor>1.0,1.0,1.0</fogColor>
                <skyColor>0.8,0.84621644,0.13718772</skyColor>
                <gravitationalMultiplier>75</gravitationalMultiplier>
                <orbitalDistance>133</orbitalDistance>
                <orbitalTheta>357</orbitalTheta>
                <orbitalPhi>-237</orbitalPhi>
                <retrograde>false</retrograde>
                <avgTemperature>443</avgTemperature>
                <rotationalPeriod>56888</rotationalPeriod>
                <atmosphereDensity>34</atmosphereDensity>
                <generateCraters>true</generateCraters>
                <generateCaves>false</generateCaves>
                <generateVolcanos>false</generateVolcanos>
                <generateStructures>false</generateStructures>
                <generateGeodes>false</generateGeodes>
                <biomeIds>advancedrocketry:volcanicbarren;30</biomeIds>
            </planet>
            <planet DIMID="63" name="Ma-Roo 62: 0">
                <isKnown>false</isKnown>
                <fogColor>1.0,1.0,1.0</fogColor>
                <skyColor>0.8,0.6183848,0.28449947</skyColor>
                <gravitationalMultiplier>54</gravitationalMultiplier>
                <orbitalDistance>162</orbitalDistance>
                <orbitalTheta>27</orbitalTheta>
                <orbitalPhi>-62</orbitalPhi>
                <retrograde>false</retrograde>
                <avgTemperature>402</avgTemperature>
                <rotationalPeriod>152415</rotationalPeriod>
                <atmosphereDensity>19</atmosphereDensity>
                <generateCraters>true</generateCraters>
                <generateCaves>false</generateCaves>
                <generateVolcanos>false</generateVolcanos>
                <generateStructures>false</generateStructures>
                <generateGeodes>false</generateGeodes>
                <biomeIds>advancedrocketry:moon;30,advancedrocketry:moondark;30</biomeIds>
            </planet>
        </planet>
    </star>
    <star blackHole="false" name="Alykitt" numGasGiants="0" numPlanets="0" size="1.0" temp="120" x="75" y="200">
        <planet DIMID="80" name="Alykitt 80">
            <isKnown>false</isKnown>
            <fogColor>1.0,1.0,1.0</fogColor>
            <skyColor>0.8,0.87551963,0.7553488</skyColor>
            <gravitationalMultiplier>106</gravitationalMultiplier>
            <orbitalDistance>143</orbitalDistance>
            <orbitalTheta>45</orbitalTheta>
            <orbitalPhi>-18</orbitalPhi>
            <retrograde>false</retrograde>
            <avgTemperature>256</avgTemperature>
            <rotationalPeriod>19868</rotationalPeriod>
            <atmosphereDensity>32</atmosphereDensity>
            <generateCraters>true</generateCraters>
            <generateCaves>false</generateCaves>
            <generateVolcanos>false</generateVolcanos>
            <generateStructures>false</generateStructures>
            <generateGeodes>false</generateGeodes>
            <seaLevel>55</seaLevel>
            <biomeIds>minecraft:forest;10,minecraft:mesa_clear_rock;30,minecraft:mutated_forest;30,minecraft:mutated_savanna;30,minecraft:mesa_rock;30</biomeIds>
            <planet DIMID="81" name="Alykitt 80: 0">
                <isKnown>false</isKnown>
                <fogColor>1.0,1.0,1.0</fogColor>
                <skyColor>0.8,0.94721985,0.8289112</skyColor>
                <gravitationalMultiplier>44</gravitationalMultiplier>
                <orbitalDistance>165</orbitalDistance>
                <orbitalTheta>201</orbitalTheta>
                <orbitalPhi>-182</orbitalPhi>
                <retrograde>false</retrograde>
                <avgTemperature>239</avgTemperature>
                <rotationalPeriod>281743</rotationalPeriod>
                <atmosphereDensity>34</atmosphereDensity>
                <generateCraters>true</generateCraters>
                <generateCaves>false</generateCaves>
                <generateVolcanos>false</generateVolcanos>
                <generateStructures>false</generateStructures>
                <generateGeodes>false</generateGeodes>
                <biomeIds>minecraft:mutated_desert;30,minecraft:mutated_swampland;30,minecraft:mutated_jungle_edge;30,minecraft:forest_hills;30,minecraft:mutated_extreme_hills_with_trees;30</biomeIds>
            </planet>
            <planet DIMID="82" name="Alykitt 80: 1">
                <isKnown>false</isKnown>
                <fogColor>1.0,1.0,1.0</fogColor>
                <skyColor>0.8,0.859534,0.69863</skyColor>
                <gravitationalMultiplier>58</gravitationalMultiplier>
                <orbitalDistance>113</orbitalDistance>
                <orbitalTheta>220</orbitalTheta>
                <orbitalPhi>-51</orbitalPhi>
                <retrograde>false</retrograde>
                <avgTemperature>288</avgTemperature>
                <rotationalPeriod>123006</rotationalPeriod>
                <atmosphereDensity>27</atmosphereDensity>
                <generateCraters>true</generateCraters>
                <generateCaves>false</generateCaves>
                <generateVolcanos>false</generateVolcanos>
                <generateStructures>false</generateStructures>
                <generateGeodes>false</generateGeodes>
                <biomeIds>minecraft:stone_beach;30,minecraft:taiga_cold;10,minecraft:mutated_swampland;30,minecraft:birch_forest;10,minecraft:forest;10</biomeIds>
            </planet>
            <planet DIMID="83" name="Alykitt 80: 2">
                <isKnown>false</isKnown>
                <fogColor>1.0,1.0,1.0</fogColor>
                <skyColor>0.8,0.6863927,0.9101226</skyColor>
                <gravitationalMultiplier>35</gravitationalMultiplier>
                <orbitalDistance>184</orbitalDistance>
                <orbitalTheta>323</orbitalTheta>
                <orbitalPhi>-169</orbitalPhi>
                <retrograde>false</retrograde>
                <avgTemperature>226</avgTemperature>
                <rotationalPeriod>559766</rotationalPeriod>
                <atmosphereDensity>16</atmosphereDensity>
                <generateCraters>true</generateCraters>
                <generateCaves>false</generateCaves>
                <generateVolcanos>false</generateVolcanos>
                <generateStructures>false</generateStructures>
                <generateGeodes>false</generateGeodes>
                <biomeIds>advancedrocketry:moon;30,advancedrocketry:moondark;30</biomeIds>
            </planet>
        </planet>
        <planet DIMID="73" name="Alykitt 73">
            <isKnown>false</isKnown>
            <GasGiant>true</GasGiant>
            <gas>ammonia</gas>
            <gas>nitrogen</gas>
            <gas>oxygen</gas>
            <gas>methane</gas>
            <fogColor>1.0,1.0,1.0</fogColor>
            <skyColor>1.0,1.0,1.0</skyColor>
            <gravitationalMultiplier>100</gravitationalMultiplier>
            <orbitalDistance>236</orbitalDistance>
            <orbitalTheta>0</orbitalTheta>
            <orbitalPhi>0</orbitalPhi>
            <retrograde>false</retrograde>
            <avgTemperature>254</avgTemperature>
            <rotationalPeriod>24000</rotationalPeriod>
            <atmosphereDensity>163</atmosphereDensity>
            <generateCraters>false</generateCraters>
            <generateCaves>false</generateCaves>
            <generateVolcanos>false</generateVolcanos>
            <generateStructures>false</generateStructures>
            <generateGeodes>false</generateGeodes>
            <planet DIMID="74" name="Alykitt 73: 0">
                <isKnown>false</isKnown>
                <fogColor>1.0,1.0,1.0</fogColor>
                <skyColor>0.8,0.93470335,0.86498475</skyColor>
                <gravitationalMultiplier>58</gravitationalMultiplier>
                <orbitalDistance>159</orbitalDistance>
                <orbitalTheta>258</orbitalTheta>
                <orbitalPhi>-278</orbitalPhi>
                <retrograde>false</retrograde>
                <avgTemperature>243</avgTemperature>
                <rotationalPeriod>123006</rotationalPeriod>
                <atmosphereDensity>27</atmosphereDensity>
                <generateCraters>true</generateCraters>
                <generateCaves>false</generateCaves>
                <generateVolcanos>false</generateVolcanos>
                <generateStructures>false</generateStructures>
                <generateGeodes>false</generateGeodes>
                <biomeIds>advancedrocketry:crystalchasms;30</biomeIds>
            </planet>
        </planet>
        <planet DIMID="75" name="Alykitt 75">
            <isKnown>false</isKnown>
            <fogColor>1.0,1.0,1.0</fogColor>
            <skyColor>0.8,0.90135705,0.19522524</skyColor>
            <gravitationalMultiplier>89</gravitationalMultiplier>
            <orbitalDistance>82</orbitalDistance>
            <orbitalTheta>303</orbitalTheta>
            <orbitalPhi>13</orbitalPhi>
            <retrograde>false</retrograde>
            <avgTemperature>435</avgTemperature>
            <rotationalPeriod>33476</rotationalPeriod>
            <atmosphereDensity>170</atmosphereDensity>
            <generateCraters>false</generateCraters>
            <generateCaves>false</generateCaves>
            <generateVolcanos>false</generateVolcanos>
            <generateStructures>true</generateStructures>
            <generateGeodes>true</generateGeodes>
            <biomeIds>minecraft:mutated_swampland;30,minecraft:mutated_roofed_forest;30,minecraft:desert;30,minecraft:mutated_savanna_rock;30,minecraft:plains;10</biomeIds>
        </planet>
        <planet DIMID="76" name="Alykitt 76">
            <isKnown>false</isKnown>
            <fogColor>1.0,1.0,1.0</fogColor>
            <skyColor>0.8,0.90147674,0.6120944</skyColor>
            <gravitationalMultiplier>130</gravitationalMultiplier>
            <orbitalDistance>161</orbitalDistance>
            <orbitalTheta>123</orbitalTheta>
            <orbitalPhi>-86</orbitalPhi>
            <retrograde>false</retrograde>
            <avgTemperature>299</avgTemperature>
            <rotationalPeriod>10923</rotationalPeriod>
            <atmosphereDensity>146</atmosphereDensity>
            <generateCraters>false</generateCraters>
            <generateCaves>false</generateCaves>
            <generateVolcanos>false</generateVolcanos>
            <generateStructures>true</generateStructures>
            <generateGeodes>true</generateGeodes>
            <biomeIds>minecraft:mushroom_island_shore;30,minecraft:cold_beach;30,minecraft:mutated_taiga_cold;30,minecraft:mutated_extreme_hills;30,advancedrocketry:oceanspires;30</biomeIds>
            <planet DIMID="77" name="Alykitt 76: 0">
                <isKnown>false</isKnown>
                <fogColor>1.0,1.0,1.0</fogColor>
                <skyColor>0.8,0.9990436,0.6501473</skyColor>
                <gravitationalMultiplier>44</gravitationalMultiplier>
                <orbitalDistance>105</orbitalDistance>
                <orbitalTheta>169</orbitalTheta>
                <orbitalPhi>227</orbitalPhi>
                <retrograde>false</retrograde>
                <avgTemperature>299</avgTemperature>
                <rotationalPeriod>281743</rotationalPeriod>
                <atmosphereDensity>17</atmosphereDensity>
                <generateCraters>true</generateCraters>
                <generateCaves>false</generateCaves>
                <generateVolcanos>false</generateVolcanos>
                <generateStructures>false</generateStructures>
                <generateGeodes>false</generateGeodes>
                <biomeIds>advancedrocketry:moon;30,advancedrocketry:moondark;30</biomeIds>
            </planet>
            <planet DIMID="78" name="Alykitt 76: 1">
                <isKnown>false</isKnown>
                <fogColor>1.0,1.0,1.0</fogColor>
                <skyColor>0.8,0.98506707,0.72477573</skyColor>
                <gravitationalMultiplier>61</gravitationalMultiplier>
                <orbitalDistance>122</orbitalDistance>
                <orbitalTheta>13</orbitalTheta>
                <orbitalPhi>-102</orbitalPhi>
                <retrograde>false</retrograde>
                <avgTemperature>277</avgTemperature>
                <rotationalPeriod>105735</rotationalPeriod>
                <atmosphereDensity>37</atmosphereDensity>
                <generateCraters>true</generateCraters>
                <generateCaves>false</generateCaves>
                <generateVolcanos>false</generateVolcanos>
                <generateStructures>false</generateStructures>
                <generateGeodes>false</generateGeodes>
                <biomeIds>minecraft:mushroom_island;30</biomeIds>
            </planet>
            <planet DIMID="79" name="Alykitt 76: 2">
                <isKnown>false</isKnown>
                <fogColor>1.0,1.0,1.0</fogColor>
                <skyColor>0.8,0.95329154,0.83561885</skyColor>
                <gravitationalMultiplier>83</gravitationalMultiplier>
                <orbitalDistance>159</orbitalDistance>
                <orbitalTheta>117</orbitalTheta>
                <orbitalPhi>-95</orbitalPhi>
                <retrograde>false</retrograde>
                <avgTemperature>243</avgTemperature>
                <rotationalPeriod>41973</rotationalPeriod>
                <atmosphereDensity>22</atmosphereDensity>
                <generateCraters>true</generateCraters>
                <generateCaves>false</generateCaves>
                <generateVolcanos>false</generateVolcanos>
                <generateStructures>false</generateStructures>
                <generateGeodes>false</generateGeodes>
                <seaLevel>55</seaLevel>
                <biomeIds>advancedrocketry:moon;30,advancedrocketry:moondark;30</biomeIds>
            </planet>
        </planet>
    </star>
</galaxy>
