{
  "minecraft:recipes/transportation/acacia_boat": {
    "criteria": {
      "entered_water": "2022-11-27 19:05:07 +0200"
    },
    "done": true
  },
  "minecraft:recipes/building_blocks/oak_planks": {
    "criteria": {
      "has_log": "2022-11-27 18:59:25 +0200"
    },
    "done": true
  },
  "minecraft:recipes/transportation/dark_oak_boat": {
    "criteria": {
      "entered_water": "2022-11-27 19:05:07 +0200"
    },
    "done": true
  },
  "minecraft:recipes/transportation/birch_boat": {
    "criteria": {
      "entered_water": "2022-11-27 19:05:07 +0200"
    },
    "done": true
  },
  "minecraft:recipes/transportation/boat": {
    "criteria": {
      "entered_water": "2022-11-27 19:05:07 +0200"
    },
    "done": true
  },
  "minecraft:recipes/transportation/jungle_boat": {
    "criteria": {
      "entered_water": "2022-11-27 19:05:07 +0200"
    },
    "done": true
  },
  "minecraft:recipes/transportation/spruce_boat": {
    "criteria": {
      "entered_water": "2022-11-27 19:05:07 +0200"
    },
    "done": true
  },
  "appliedenergistics2:main/presses": {
    "criteria": {
      "silicon": "2022-11-27 19:00:56 +0200",
      "calc": "2022-11-27 19:00:56 +0200"
    },
    "done": true
  },
  "minecraft:adventure/adventuring_time": {
    "criteria": {
      "ice_flats": "2022-11-27 19:01:30 +0200",
      "frozen_river": "2022-11-27 19:01:36 +0200",
      "forest": "2022-11-27 18:54:09 +0200",
      "forest_hills": "2022-11-27 18:59:54 +0200",
      "plains": "2022-11-27 19:00:01 +0200",
      "ice_mountains": "2022-11-27 19:01:44 +0200",
      "taiga_cold": "2022-11-27 18:59:21 +0200",
      "river": "2022-11-27 19:00:46 +0200"
    },
    "done": false
  }
}