<?xml version="1.0" encoding="UTF-8" standalone="no"?>
<galaxy>
    <star blackHole="false" name="Sol" numGasGiants="0" numPlanets="0" size="1.0" temp="100" x="0" y="0">
        <planet DIMID="0" dimMapping="" name="Earth">
            <isKnown>true</isKnown>
            <fogColor>1.0,1.0,1.0</fogColor>
            <skyColor>1.0,1.0,1.0</skyColor>
            <gravitationalMultiplier>100</gravitationalMultiplier>
            <orbitalDistance>100</orbitalDistance>
            <orbitalTheta>0</orbitalTheta>
            <orbitalPhi>0</orbitalPhi>
            <retrograde>false</retrograde>
            <avgTemperature>287</avgTemperature>
            <rotationalPeriod>24000</rotationalPeriod>
            <atmosphereDensity>100</atmosphereDensity>
            <generateCraters>false</generateCraters>
            <generateCaves>false</generateCaves>
            <generateVolcanos>false</generateVolcanos>
            <generateStructures>false</generateStructures>
            <generateGeodes>false</generateGeodes>
            <planet DIMID="3" name="Luna">
                <isKnown>false</isKnown>
                <fogColor>1.0,1.0,1.0</fogColor>
                <skyColor>1.0,1.0,1.0</skyColor>
                <gravitationalMultiplier>16</gravitationalMultiplier>
                <orbitalDistance>150</orbitalDistance>
                <orbitalTheta>0</orbitalTheta>
                <orbitalPhi>0</orbitalPhi>
                <retrograde>false</retrograde>
                <avgTemperature>255</avgTemperature>
                <rotationalPeriod>128000</rotationalPeriod>
                <atmosphereDensity>0</atmosphereDensity>
                <generateCraters>true</generateCraters>
                <generateCaves>false</generateCaves>
                <generateVolcanos>false</generateVolcanos>
                <generateStructures>false</generateStructures>
                <generateGeodes>false</generateGeodes>
                <biomeIds>advancedrocketry:moon;30,advancedrocketry:moondark;30</biomeIds>
            </planet>
        </planet>
        <planet DIMID="17" name="Sol 17">
            <isKnown>false</isKnown>
            <fogColor>1.0,1.0,1.0</fogColor>
            <skyColor>0.8,0.7688192,0.46157914</skyColor>
            <gravitationalMultiplier>130</gravitationalMultiplier>
            <orbitalDistance>52</orbitalDistance>
            <orbitalTheta>285</orbitalTheta>
            <orbitalPhi>-447</orbitalPhi>
            <retrograde>false</retrograde>
            <avgTemperature>365</avgTemperature>
            <rotationalPeriod>10923</rotationalPeriod>
            <atmosphereDensity>70</atmosphereDensity>
            <generateCraters>true</generateCraters>
            <generateCaves>false</generateCaves>
            <generateVolcanos>false</generateVolcanos>
            <generateStructures>false</generateStructures>
            <generateGeodes>false</generateGeodes>
            <biomeIds>minecraft:birch_forest;10,advancedrocketry:oceanspires;30,minecraft:roofed_forest;10,minecraft:desert;30,minecraft:jungle_hills;30</biomeIds>
            <planet DIMID="18" name="Sol 17: 0">
                <isKnown>false</isKnown>
                <fogColor>1.0,1.0,1.0</fogColor>
                <skyColor>0.8,0.5954818,0.9348287</skyColor>
                <gravitationalMultiplier>66</gravitationalMultiplier>
                <orbitalDistance>138</orbitalDistance>
                <orbitalTheta>21</orbitalTheta>
                <orbitalPhi>-25</orbitalPhi>
                <retrograde>false</retrograde>
                <avgTemperature>217</avgTemperature>
                <rotationalPeriod>83479</rotationalPeriod>
                <atmosphereDensity>20</atmosphereDensity>
                <generateCraters>true</generateCraters>
                <generateCaves>false</generateCaves>
                <generateVolcanos>false</generateVolcanos>
                <generateStructures>false</generateStructures>
                <generateGeodes>false</generateGeodes>
                <biomeIds>advancedrocketry:moon;30,advancedrocketry:moondark;30</biomeIds>
            </planet>
            <planet DIMID="19" name="Sol 17: 1">
                <isKnown>false</isKnown>
                <fogColor>1.0,1.0,1.0</fogColor>
                <skyColor>0.8,0.8220482,0.9528066</skyColor>
                <gravitationalMultiplier>89</gravitationalMultiplier>
                <orbitalDistance>144</orbitalDistance>
                <orbitalTheta>118</orbitalTheta>
                <orbitalPhi>-207</orbitalPhi>
                <retrograde>false</retrograde>
                <avgTemperature>213</avgTemperature>
                <rotationalPeriod>34044</rotationalPeriod>
                <atmosphereDensity>21</atmosphereDensity>
                <generateCraters>true</generateCraters>
                <generateCaves>false</generateCaves>
                <generateVolcanos>false</generateVolcanos>
                <generateStructures>false</generateStructures>
                <generateGeodes>false</generateGeodes>
                <seaLevel>81</seaLevel>
                <biomeIds>advancedrocketry:moon;30,advancedrocketry:moondark;30</biomeIds>
            </planet>
            <planet DIMID="20" name="Sol 17: 2">
                <isKnown>false</isKnown>
                <fogColor>1.0,1.0,1.0</fogColor>
                <skyColor>0.8,0.6613575,0.96128386</skyColor>
                <gravitationalMultiplier>54</gravitationalMultiplier>
                <orbitalDistance>148</orbitalDistance>
                <orbitalTheta>258</orbitalTheta>
                <orbitalPhi>-19</orbitalPhi>
                <retrograde>false</retrograde>
                <avgTemperature>210</avgTemperature>
                <rotationalPeriod>152415</rotationalPeriod>
                <atmosphereDensity>35</atmosphereDensity>
                <generateCraters>true</generateCraters>
                <generateCaves>false</generateCaves>
                <generateVolcanos>false</generateVolcanos>
                <generateStructures>false</generateStructures>
                <generateGeodes>false</generateGeodes>
                <biomeIds>minecraft:mutated_mesa;30,minecraft:mutated_birch_forest_hills;30,minecraft:jungle_edge;30,minecraft:mutated_mesa_rock;30,minecraft:birch_forest;10</biomeIds>
            </planet>
        </planet>
        <planet DIMID="4" name="Sol 4">
            <isKnown>false</isKnown>
            <GasGiant>true</GasGiant>
            <gas>nitrogen</gas>
            <gas>ammonia</gas>
            <gas>oxygen</gas>
            <fogColor>1.0,1.0,1.0</fogColor>
            <skyColor>1.0,1.0,1.0</skyColor>
            <gravitationalMultiplier>108</gravitationalMultiplier>
            <orbitalDistance>273</orbitalDistance>
            <orbitalTheta>0</orbitalTheta>
            <orbitalPhi>0</orbitalPhi>
            <retrograde>false</retrograde>
            <avgTemperature>179</avgTemperature>
            <rotationalPeriod>24000</rotationalPeriod>
            <atmosphereDensity>112</atmosphereDensity>
            <generateCraters>false</generateCraters>
            <generateCaves>false</generateCaves>
            <generateVolcanos>false</generateVolcanos>
            <generateStructures>false</generateStructures>
            <generateGeodes>false</generateGeodes>
            <planet DIMID="5" name="Sol 4: 0">
                <isKnown>false</isKnown>
                <fogColor>1.0,1.0,1.0</fogColor>
                <skyColor>0.8,0.53541917,0.8912226</skyColor>
                <gravitationalMultiplier>70</gravitationalMultiplier>
                <orbitalDistance>126</orbitalDistance>
                <orbitalTheta>151</orbitalTheta>
                <orbitalPhi>-9</orbitalPhi>
                <retrograde>false</retrograde>
                <avgTemperature>227</avgTemperature>
                <rotationalPeriod>69970</rotationalPeriod>
                <atmosphereDensity>36</atmosphereDensity>
                <generateCraters>true</generateCraters>
                <generateCaves>false</generateCaves>
                <generateVolcanos>false</generateVolcanos>
                <generateStructures>false</generateStructures>
                <generateGeodes>false</generateGeodes>
                <biomeIds>minecraft:mutated_extreme_hills;30,advancedrocketry:volcanicbarren;30,minecraft:mushroom_island;30,minecraft:savanna;30,minecraft:mutated_extreme_hills_with_trees;30</biomeIds>
            </planet>
            <planet DIMID="6" name="Sol 4: 1">
                <isKnown>false</isKnown>
                <fogColor>1.0,1.0,1.0</fogColor>
                <skyColor>0.8,0.743981,1.0</skyColor>
                <gravitationalMultiplier>45</gravitationalMultiplier>
                <orbitalDistance>199</orbitalDistance>
                <orbitalTheta>86</orbitalTheta>
                <orbitalPhi>-112</orbitalPhi>
                <retrograde>false</retrograde>
                <avgTemperature>181</avgTemperature>
                <rotationalPeriod>263374</rotationalPeriod>
                <atmosphereDensity>34</atmosphereDensity>
                <generateCraters>true</generateCraters>
                <generateCaves>false</generateCaves>
                <generateVolcanos>false</generateVolcanos>
                <generateStructures>false</generateStructures>
                <generateGeodes>false</generateGeodes>
                <biomeIds>minecraft:extreme_hills;10,advancedrocketry:volcanicbarren;30,minecraft:mesa;30,minecraft:mutated_savanna_rock;30,minecraft:mutated_mesa;30</biomeIds>
            </planet>
            <planet DIMID="7" name="Sol 4: 2">
                <isKnown>false</isKnown>
                <fogColor>1.0,1.0,1.0</fogColor>
                <skyColor>0.8,0.89568025,1.0</skyColor>
                <gravitationalMultiplier>73</gravitationalMultiplier>
                <orbitalDistance>167</orbitalDistance>
                <orbitalTheta>48</orbitalTheta>
                <orbitalPhi>-56</orbitalPhi>
                <retrograde>false</retrograde>
                <avgTemperature>197</avgTemperature>
                <rotationalPeriod>61693</rotationalPeriod>
                <atmosphereDensity>15</atmosphereDensity>
                <generateCraters>true</generateCraters>
                <generateCaves>false</generateCaves>
                <generateVolcanos>false</generateVolcanos>
                <generateStructures>false</generateStructures>
                <generateGeodes>false</generateGeodes>
                <biomeIds>advancedrocketry:moon;30,advancedrocketry:moondark;30</biomeIds>
            </planet>
            <planet DIMID="8" name="Sol 4: 3">
                <isKnown>false</isKnown>
                <fogColor>1.0,1.0,1.0</fogColor>
                <skyColor>0.8,0.9857956,0.8737562</skyColor>
                <gravitationalMultiplier>69</gravitationalMultiplier>
                <orbitalDistance>120</orbitalDistance>
                <orbitalTheta>155</orbitalTheta>
                <orbitalPhi>-433</orbitalPhi>
                <retrograde>false</retrograde>
                <avgTemperature>233</avgTemperature>
                <rotationalPeriod>73057</rotationalPeriod>
                <atmosphereDensity>35</atmosphereDensity>
                <generateCraters>true</generateCraters>
                <generateCaves>false</generateCaves>
                <generateVolcanos>false</generateVolcanos>
                <generateStructures>false</generateStructures>
                <generateGeodes>false</generateGeodes>
                <biomeIds>minecraft:mutated_savanna;30,minecraft:plains;10,minecraft:smaller_extreme_hills;30,minecraft:mutated_birch_forest;30,minecraft:mutated_roofed_forest;30</biomeIds>
            </planet>
            <planet DIMID="9" name="Sol 4: 4">
                <isKnown>false</isKnown>
                <fogColor>1.0,1.0,1.0</fogColor>
                <skyColor>0.8,0.9977695,0.99745667</skyColor>
                <gravitationalMultiplier>31</gravitationalMultiplier>
                <orbitalDistance>178</orbitalDistance>
                <orbitalTheta>137</orbitalTheta>
                <orbitalPhi>-367</orbitalPhi>
                <retrograde>false</retrograde>
                <avgTemperature>191</avgTemperature>
                <rotationalPeriod>805612</rotationalPeriod>
                <atmosphereDensity>28</atmosphereDensity>
                <generateCraters>true</generateCraters>
                <generateCaves>false</generateCaves>
                <generateVolcanos>false</generateVolcanos>
                <generateStructures>false</generateStructures>
                <generateGeodes>false</generateGeodes>
                <biomeIds>minecraft:plains;10,minecraft:mutated_redwood_taiga_hills;30,minecraft:mutated_extreme_hills;30,minecraft:extreme_hills;10,minecraft:birch_forest;10</biomeIds>
            </planet>
        </planet>
        <planet DIMID="21" name="Sol 21">
            <isKnown>false</isKnown>
            <fogColor>1.0,1.0,1.0</fogColor>
            <skyColor>0.8,0.79757184,0.8591169</skyColor>
            <gravitationalMultiplier>130</gravitationalMultiplier>
            <orbitalDistance>104</orbitalDistance>
            <orbitalTheta>180</orbitalTheta>
            <orbitalPhi>-230</orbitalPhi>
            <retrograde>false</retrograde>
            <avgTemperature>250</avgTemperature>
            <rotationalPeriod>10923</rotationalPeriod>
            <atmosphereDensity>59</atmosphereDensity>
            <generateCraters>true</generateCraters>
            <generateCaves>false</generateCaves>
            <generateVolcanos>false</generateVolcanos>
            <generateStructures>false</generateStructures>
            <generateGeodes>false</generateGeodes>
            <biomeIds>minecraft:deep_ocean;30,minecraft:savanna;30,minecraft:birch_forest_hills;30,minecraft:mushroom_island;30,minecraft:jungle;30</biomeIds>
            <planet DIMID="22" name="Sol 21: 0">
                <isKnown>false</isKnown>
                <fogColor>1.0,1.0,1.0</fogColor>
                <skyColor>0.8,0.75477374,0.9532207</skyColor>
                <gravitationalMultiplier>57</gravitationalMultiplier>
                <orbitalDistance>161</orbitalDistance>
                <orbitalTheta>41</orbitalTheta>
                <orbitalPhi>162</orbitalPhi>
                <retrograde>false</retrograde>
                <avgTemperature>201</avgTemperature>
                <rotationalPeriod>129594</rotationalPeriod>
                <atmosphereDensity>28</atmosphereDensity>
                <generateCraters>true</generateCraters>
                <generateCaves>false</generateCaves>
                <generateVolcanos>false</generateVolcanos>
                <generateStructures>false</generateStructures>
                <generateGeodes>false</generateGeodes>
                <biomeIds>minecraft:ice_flats;30</biomeIds>
            </planet>
        </planet>
        <planet DIMID="23" name="Sol 23">
            <isKnown>false</isKnown>
            <fogColor>1.0,1.0,1.0</fogColor>
            <skyColor>0.8,0.5609994,0.5373384</skyColor>
            <gravitationalMultiplier>93</gravitationalMultiplier>
            <orbitalDistance>103</orbitalDistance>
            <orbitalTheta>31</orbitalTheta>
            <orbitalPhi>-202</orbitalPhi>
            <retrograde>false</retrograde>
            <avgTemperature>333</avgTemperature>
            <rotationalPeriod>29361</rotationalPeriod>
            <atmosphereDensity>191</atmosphereDensity>
            <generateCraters>false</generateCraters>
            <generateCaves>false</generateCaves>
            <generateVolcanos>false</generateVolcanos>
            <generateStructures>true</generateStructures>
            <generateGeodes>true</generateGeodes>
            <seaLevel>68</seaLevel>
            <biomeIds>minecraft:ocean;30,minecraft:deep_ocean;30,minecraft:smaller_extreme_hills;30,minecraft:mutated_mesa_rock;30,minecraft:forest;10</biomeIds>
        </planet>
        <planet DIMID="24" name="Sol 24">
            <isKnown>false</isKnown>
            <fogColor>1.0,1.0,1.0</fogColor>
            <skyColor>0.8,0.73608375,0.9023431</skyColor>
            <gravitationalMultiplier>101</gravitationalMultiplier>
            <orbitalDistance>121</orbitalDistance>
            <orbitalTheta>100</orbitalTheta>
            <orbitalPhi>-206</orbitalPhi>
            <retrograde>false</retrograde>
            <avgTemperature>239</avgTemperature>
            <rotationalPeriod>22951</rotationalPeriod>
            <atmosphereDensity>70</atmosphereDensity>
            <generateCraters>true</generateCraters>
            <generateCaves>false</generateCaves>
            <generateVolcanos>false</generateVolcanos>
            <generateStructures>false</generateStructures>
            <generateGeodes>false</generateGeodes>
            <biomeIds>minecraft:ice_flats;30</biomeIds>
            <planet DIMID="25" name="Sol 24: 0">
                <isKnown>false</isKnown>
                <fogColor>1.0,1.0,1.0</fogColor>
                <skyColor>0.8,0.78138477,0.9315317</skyColor>
                <gravitationalMultiplier>39</gravitationalMultiplier>
                <orbitalDistance>133</orbitalDistance>
                <orbitalTheta>280</orbitalTheta>
                <orbitalPhi>-418</orbitalPhi>
                <retrograde>false</retrograde>
                <avgTemperature>221</avgTemperature>
                <rotationalPeriod>404592</rotationalPeriod>
                <atmosphereDensity>31</atmosphereDensity>
                <generateCraters>true</generateCraters>
                <generateCaves>false</generateCaves>
                <generateVolcanos>false</generateVolcanos>
                <generateStructures>false</generateStructures>
                <generateGeodes>false</generateGeodes>
                <biomeIds>minecraft:mushroom_island_shore;30,minecraft:mutated_forest;30,minecraft:mutated_desert;30,minecraft:desert_hills;30,minecraft:mushroom_island;30</biomeIds>
            </planet>
        </planet>
        <planet DIMID="10" name="Sol 10">
            <isKnown>false</isKnown>
            <fogColor>1.0,1.0,1.0</fogColor>
            <skyColor>0.8,0.8701443,0.0</skyColor>
            <gravitationalMultiplier>93</gravitationalMultiplier>
            <orbitalDistance>11</orbitalDistance>
            <orbitalTheta>321</orbitalTheta>
            <orbitalPhi>-181</orbitalPhi>
            <retrograde>false</retrograde>
            <avgTemperature>928</avgTemperature>
            <rotationalPeriod>29361</rotationalPeriod>
            <atmosphereDensity>131</atmosphereDensity>
            <generateCraters>false</generateCraters>
            <generateCaves>false</generateCaves>
            <generateVolcanos>true</generateVolcanos>
            <generateStructures>false</generateStructures>
            <generateGeodes>true</generateGeodes>
            <biomeIds>minecraft:savanna;30,minecraft:mutated_jungle_edge;30,minecraft:mutated_savanna_rock;30,minecraft:mutated_mesa_clear_rock;30,minecraft:mutated_jungle;30</biomeIds>
            <oceanBlock>minecraft:lava</oceanBlock>
        </planet>
        <planet DIMID="26" name="Sol 26">
            <isKnown>false</isKnown>
            <fogColor>1.0,1.0,1.0</fogColor>
            <skyColor>0.8,0.61894,0.7714499</skyColor>
            <gravitationalMultiplier>116</gravitationalMultiplier>
            <orbitalDistance>93</orbitalDistance>
            <orbitalTheta>348</orbitalTheta>
            <orbitalPhi>67</orbitalPhi>
            <retrograde>false</retrograde>
            <avgTemperature>265</avgTemperature>
            <rotationalPeriod>15178</rotationalPeriod>
            <atmosphereDensity>1</atmosphereDensity>
            <generateCraters>true</generateCraters>
            <generateCaves>false</generateCaves>
            <generateVolcanos>false</generateVolcanos>
            <generateStructures>false</generateStructures>
            <generateGeodes>false</generateGeodes>
            <seaLevel>70</seaLevel>
            <biomeIds>advancedrocketry:moon;30,advancedrocketry:moondark;30</biomeIds>
        </planet>
        <planet DIMID="11" name="Sol 11">
            <isKnown>false</isKnown>
            <fogColor>1.0,1.0,1.0</fogColor>
            <skyColor>0.8,0.9738935,0.90476865</skyColor>
            <gravitationalMultiplier>97</gravitationalMultiplier>
            <orbitalDistance>154</orbitalDistance>
            <orbitalTheta>193</orbitalTheta>
            <orbitalPhi>131</orbitalPhi>
            <retrograde>false</retrograde>
            <avgTemperature>210</avgTemperature>
            <rotationalPeriod>25893</rotationalPeriod>
            <atmosphereDensity>68</atmosphereDensity>
            <generateCraters>true</generateCraters>
            <generateCaves>false</generateCaves>
            <generateVolcanos>false</generateVolcanos>
            <generateStructures>false</generateStructures>
            <generateGeodes>false</generateGeodes>
            <biomeIds>advancedrocketry:crystalchasms;30</biomeIds>
        </planet>
        <planet DIMID="12" name="Sol 12">
            <isKnown>false</isKnown>
            <fogColor>1.0,1.0,1.0</fogColor>
            <skyColor>0.8,0.973765,1.0</skyColor>
            <gravitationalMultiplier>130</gravitationalMultiplier>
            <orbitalDistance>172</orbitalDistance>
            <orbitalTheta>128</orbitalTheta>
            <orbitalPhi>-24</orbitalPhi>
            <retrograde>false</retrograde>
            <avgTemperature>195</avgTemperature>
            <rotationalPeriod>10923</rotationalPeriod>
            <atmosphereDensity>13</atmosphereDensity>
            <generateCraters>true</generateCraters>
            <generateCaves>false</generateCaves>
            <generateVolcanos>false</generateVolcanos>
            <generateStructures>false</generateStructures>
            <generateGeodes>false</generateGeodes>
            <biomeIds>advancedrocketry:moon;30,advancedrocketry:moondark;30</biomeIds>
            <planet DIMID="13" name="Sol 12: 0">
                <isKnown>false</isKnown>
                <fogColor>1.0,1.0,1.0</fogColor>
                <skyColor>0.8,0.88620114,0.9147859</skyColor>
                <gravitationalMultiplier>77</gravitationalMultiplier>
                <orbitalDistance>120</orbitalDistance>
                <orbitalTheta>331</orbitalTheta>
                <orbitalPhi>-510</orbitalPhi>
                <retrograde>false</retrograde>
                <avgTemperature>233</avgTemperature>
                <rotationalPeriod>52570</rotationalPeriod>
                <atmosphereDensity>29</atmosphereDensity>
                <generateCraters>true</generateCraters>
                <generateCaves>false</generateCaves>
                <generateVolcanos>false</generateVolcanos>
                <generateStructures>false</generateStructures>
                <generateGeodes>false</generateGeodes>
                <seaLevel>78</seaLevel>
                <biomeIds>minecraft:mesa_rock;30,minecraft:mutated_redwood_taiga_hills;30,minecraft:mutated_plains;30,minecraft:mushroom_island_shore;30,minecraft:mutated_jungle_edge;30</biomeIds>
            </planet>
            <planet DIMID="14" name="Sol 12: 1">
                <isKnown>false</isKnown>
                <fogColor>1.0,1.0,1.0</fogColor>
                <skyColor>0.8,0.67265016,0.86166227</skyColor>
                <gravitationalMultiplier>43</gravitationalMultiplier>
                <orbitalDistance>106</orbitalDistance>
                <orbitalTheta>35</orbitalTheta>
                <orbitalPhi>60</orbitalPhi>
                <retrograde>false</retrograde>
                <avgTemperature>248</avgTemperature>
                <rotationalPeriod>301860</rotationalPeriod>
                <atmosphereDensity>32</atmosphereDensity>
                <generateCraters>true</generateCraters>
                <generateCaves>false</generateCaves>
                <generateVolcanos>false</generateVolcanos>
                <generateStructures>false</generateStructures>
                <generateGeodes>false</generateGeodes>
                <biomeIds>minecraft:jungle_edge;30,minecraft:mutated_savanna_rock;30,minecraft:deep_ocean;30,minecraft:mutated_swampland;30,minecraft:forest_hills;30</biomeIds>
            </planet>
        </planet>
        <planet DIMID="15" name="Sol 15">
            <isKnown>false</isKnown>
            <fogColor>1.0,1.0,1.0</fogColor>
            <skyColor>0.8,0.9696715,0.7059212</skyColor>
            <gravitationalMultiplier>130</gravitationalMultiplier>
            <orbitalDistance>127</orbitalDistance>
            <orbitalTheta>257</orbitalTheta>
            <orbitalPhi>24</orbitalPhi>
            <retrograde>false</retrograde>
            <avgTemperature>288</avgTemperature>
            <rotationalPeriod>10923</rotationalPeriod>
            <atmosphereDensity>163</atmosphereDensity>
            <generateCraters>false</generateCraters>
            <generateCaves>false</generateCaves>
            <generateVolcanos>false</generateVolcanos>
            <generateStructures>true</generateStructures>
            <generateGeodes>true</generateGeodes>
            <biomeIds>minecraft:mesa_clear_rock;30,minecraft:ocean;30,minecraft:deep_ocean;30,minecraft:taiga_cold;10,minecraft:mutated_redwood_taiga_hills;30</biomeIds>
            <planet DIMID="16" name="Sol 15: 0">
                <isKnown>false</isKnown>
                <fogColor>1.0,1.0,1.0</fogColor>
                <skyColor>0.8,0.8183659,1.0</skyColor>
                <gravitationalMultiplier>45</gravitationalMultiplier>
                <orbitalDistance>171</orbitalDistance>
                <orbitalTheta>113</orbitalTheta>
                <orbitalPhi>-268</orbitalPhi>
                <retrograde>false</retrograde>
                <avgTemperature>195</avgTemperature>
                <rotationalPeriod>263374</rotationalPeriod>
                <atmosphereDensity>26</atmosphereDensity>
                <generateCraters>true</generateCraters>
                <generateCaves>false</generateCaves>
                <generateVolcanos>false</generateVolcanos>
                <generateStructures>false</generateStructures>
                <generateGeodes>false</generateGeodes>
                <biomeIds>minecraft:ice_flats;30</biomeIds>
            </planet>
        </planet>
    </star>
    <star blackHole="false" name="Wolf 12" numGasGiants="0" numPlanets="0" size="1.0" temp="10" x="300" y="-200">
        <planet DIMID="32" name="Wolf 12 32">
            <isKnown>false</isKnown>
            <fogColor>1.0,1.0,1.0</fogColor>
            <skyColor>0.35956353,0.6750194,1.0</skyColor>
            <gravitationalMultiplier>89</gravitationalMultiplier>
            <orbitalDistance>185</orbitalDistance>
            <orbitalTheta>64</orbitalTheta>
            <orbitalPhi>144</orbitalPhi>
            <retrograde>false</retrograde>
            <avgTemperature>18</avgTemperature>
            <rotationalPeriod>33476</rotationalPeriod>
            <atmosphereDensity>3</atmosphereDensity>
            <generateCraters>true</generateCraters>
            <generateCaves>false</generateCaves>
            <generateVolcanos>false</generateVolcanos>
            <generateStructures>false</generateStructures>
            <generateGeodes>false</generateGeodes>
            <biomeIds>advancedrocketry:moon;30,advancedrocketry:moondark;30</biomeIds>
        </planet>
        <planet DIMID="33" name="Wolf 12 33">
            <isKnown>false</isKnown>
            <fogColor>1.0,1.0,1.0</fogColor>
            <skyColor>0.3669682,0.9900197,1.0</skyColor>
            <gravitationalMultiplier>96</gravitationalMultiplier>
            <orbitalDistance>75</orbitalDistance>
            <orbitalTheta>270</orbitalTheta>
            <orbitalPhi>-176</orbitalPhi>
            <retrograde>false</retrograde>
            <avgTemperature>37</avgTemperature>
            <rotationalPeriod>26707</rotationalPeriod>
            <atmosphereDensity>158</atmosphereDensity>
            <generateCraters>false</generateCraters>
            <generateCaves>false</generateCaves>
            <generateVolcanos>false</generateVolcanos>
            <generateStructures>false</generateStructures>
            <generateGeodes>true</generateGeodes>
            <biomeIds>minecraft:forest_hills;30,minecraft:mutated_savanna;30,minecraft:stone_beach;30,minecraft:mushroom_island;30,advancedrocketry:volcanicbarren;30</biomeIds>
        </planet>
        <planet DIMID="34" name="Wolf 12 34">
            <isKnown>false</isKnown>
            <fogColor>1.0,1.0,1.0</fogColor>
            <skyColor>0.39876765,0.9650192,1.0</skyColor>
            <gravitationalMultiplier>130</gravitationalMultiplier>
            <orbitalDistance>97</orbitalDistance>
            <orbitalTheta>198</orbitalTheta>
            <orbitalPhi>-180</orbitalPhi>
            <retrograde>false</retrograde>
            <avgTemperature>30</avgTemperature>
            <rotationalPeriod>10923</rotationalPeriod>
            <atmosphereDensity>123</atmosphereDensity>
            <generateCraters>false</generateCraters>
            <generateCaves>false</generateCaves>
            <generateVolcanos>false</generateVolcanos>
            <generateStructures>false</generateStructures>
            <generateGeodes>false</generateGeodes>
            <biomeIds>minecraft:mesa_clear_rock;30,minecraft:mutated_redwood_taiga_hills;30,minecraft:mutated_extreme_hills_with_trees;30,minecraft:smaller_extreme_hills;30,minecraft:mesa_rock;30</biomeIds>
            <planet DIMID="35" name="Wolf 12 34: 0">
                <isKnown>false</isKnown>
                <fogColor>1.0,1.0,1.0</fogColor>
                <skyColor>0.3203354,0.53069854,1.0</skyColor>
                <gravitationalMultiplier>75</gravitationalMultiplier>
                <orbitalDistance>175</orbitalDistance>
                <orbitalTheta>185</orbitalTheta>
                <orbitalPhi>-70</orbitalPhi>
                <retrograde>false</retrograde>
                <avgTemperature>19</avgTemperature>
                <rotationalPeriod>56888</rotationalPeriod>
                <atmosphereDensity>21</atmosphereDensity>
                <generateCraters>true</generateCraters>
                <generateCaves>false</generateCaves>
                <generateVolcanos>false</generateVolcanos>
                <generateStructures>false</generateStructures>
                <generateGeodes>false</generateGeodes>
                <biomeIds>advancedrocketry:moon;30,advancedrocketry:moondark;30</biomeIds>
            </planet>
            <planet DIMID="36" name="Wolf 12 34: 1">
                <isKnown>false</isKnown>
                <fogColor>1.0,1.0,1.0</fogColor>
                <skyColor>0.30587226,0.77665055,1.0</skyColor>
                <gravitationalMultiplier>52</gravitationalMultiplier>
                <orbitalDistance>113</orbitalDistance>
                <orbitalTheta>184</orbitalTheta>
                <orbitalPhi>-25</orbitalPhi>
                <retrograde>false</retrograde>
                <avgTemperature>24</avgTemperature>
                <rotationalPeriod>170687</rotationalPeriod>
                <atmosphereDensity>33</atmosphereDensity>
                <generateCraters>true</generateCraters>
                <generateCaves>false</generateCaves>
                <generateVolcanos>false</generateVolcanos>
                <generateStructures>false</generateStructures>
                <generateGeodes>false</generateGeodes>
                <biomeIds>minecraft:extreme_hills_with_trees;30,minecraft:savanna;30,minecraft:savanna_rock;30,minecraft:mutated_mesa;30,minecraft:mutated_desert;30</biomeIds>
            </planet>
            <planet DIMID="37" name="Wolf 12 34: 2">
                <isKnown>false</isKnown>
                <fogColor>1.0,1.0,1.0</fogColor>
                <skyColor>0.2803191,0.61157954,1.0</skyColor>
                <gravitationalMultiplier>75</gravitationalMultiplier>
                <orbitalDistance>173</orbitalDistance>
                <orbitalTheta>205</orbitalTheta>
                <orbitalPhi>46</orbitalPhi>
                <retrograde>false</retrograde>
                <avgTemperature>19</avgTemperature>
                <rotationalPeriod>56888</rotationalPeriod>
                <atmosphereDensity>18</atmosphereDensity>
                <generateCraters>true</generateCraters>
                <generateCaves>false</generateCaves>
                <generateVolcanos>false</generateVolcanos>
                <generateStructures>false</generateStructures>
                <generateGeodes>false</generateGeodes>
                <biomeIds>advancedrocketry:moon;30,advancedrocketry:moondark;30</biomeIds>
            </planet>
        </planet>
        <planet DIMID="27" name="Wolf 12 27">
            <isKnown>false</isKnown>
            <fogColor>1.0,1.0,1.0</fogColor>
            <skyColor>0.451719,0.7080615,1.0</skyColor>
            <gravitationalMultiplier>130</gravitationalMultiplier>
            <orbitalDistance>21</orbitalDistance>
            <orbitalTheta>144</orbitalTheta>
            <orbitalPhi>-342</orbitalPhi>
            <retrograde>false</retrograde>
            <avgTemperature>73</avgTemperature>
            <rotationalPeriod>10923</rotationalPeriod>
            <atmosphereDensity>191</atmosphereDensity>
            <generateCraters>false</generateCraters>
            <generateCaves>false</generateCaves>
            <generateVolcanos>false</generateVolcanos>
            <generateStructures>false</generateStructures>
            <generateGeodes>true</generateGeodes>
            <biomeIds>minecraft:mutated_redwood_taiga_hills;30,minecraft:mutated_birch_forest_hills;30,advancedrocketry:crystalchasms;30,minecraft:mutated_extreme_hills;30,minecraft:mushroom_island;30</biomeIds>
            <planet DIMID="28" name="Wolf 12 27: 0">
                <isKnown>false</isKnown>
                <fogColor>1.0,1.0,1.0</fogColor>
                <skyColor>0.34737682,0.85549617,1.0</skyColor>
                <gravitationalMultiplier>61</gravitationalMultiplier>
                <orbitalDistance>125</orbitalDistance>
                <orbitalTheta>258</orbitalTheta>
                <orbitalPhi>-405</orbitalPhi>
                <retrograde>false</retrograde>
                <avgTemperature>22</avgTemperature>
                <rotationalPeriod>105735</rotationalPeriod>
                <atmosphereDensity>30</atmosphereDensity>
                <generateCraters>true</generateCraters>
                <generateCaves>false</generateCaves>
                <generateVolcanos>false</generateVolcanos>
                <generateStructures>false</generateStructures>
                <generateGeodes>false</generateGeodes>
                <biomeIds>advancedrocketry:oceanspires;30,minecraft:mutated_jungle;30,minecraft:birch_forest_hills;30,minecraft:mutated_swampland;30,minecraft:savanna;30</biomeIds>
            </planet>
            <planet DIMID="29" name="Wolf 12 27: 1">
                <isKnown>false</isKnown>
                <fogColor>1.0,1.0,1.0</fogColor>
                <skyColor>0.29058444,0.99628574,1.0</skyColor>
                <gravitationalMultiplier>72</gravitationalMultiplier>
                <orbitalDistance>157</orbitalDistance>
                <orbitalTheta>316</orbitalTheta>
                <orbitalPhi>-212</orbitalPhi>
                <retrograde>false</retrograde>
                <avgTemperature>20</avgTemperature>
                <rotationalPeriod>64300</rotationalPeriod>
                <atmosphereDensity>33</atmosphereDensity>
                <generateCraters>true</generateCraters>
                <generateCaves>false</generateCaves>
                <generateVolcanos>false</generateVolcanos>
                <generateStructures>false</generateStructures>
                <generateGeodes>false</generateGeodes>
                <biomeIds>minecraft:extreme_hills_with_trees;30,minecraft:roofed_forest;10,minecraft:mesa_clear_rock;30,minecraft:forest_hills;30,minecraft:plains;10</biomeIds>
            </planet>
        </planet>
        <planet DIMID="30" name="Wolf 12 30">
            <isKnown>false</isKnown>
            <fogColor>1.0,1.0,1.0</fogColor>
            <skyColor>0.3065402,0.62035036,1.0</skyColor>
            <gravitationalMultiplier>130</gravitationalMultiplier>
            <orbitalDistance>139</orbitalDistance>
            <orbitalTheta>58</orbitalTheta>
            <orbitalPhi>23</orbitalPhi>
            <retrograde>false</retrograde>
            <avgTemperature>25</avgTemperature>
            <rotationalPeriod>10923</rotationalPeriod>
            <atmosphereDensity>122</atmosphereDensity>
            <generateCraters>false</generateCraters>
            <generateCaves>false</generateCaves>
            <generateVolcanos>false</generateVolcanos>
            <generateStructures>false</generateStructures>
            <generateGeodes>false</generateGeodes>
            <biomeIds>minecraft:deep_ocean;30,minecraft:extreme_hills_with_trees;30,minecraft:ocean;30,minecraft:mutated_forest;30,minecraft:mushroom_island;30</biomeIds>
            <planet DIMID="31" name="Wolf 12 30: 0">
                <isKnown>false</isKnown>
                <fogColor>1.0,1.0,1.0</fogColor>
                <skyColor>0.34023798,0.8722818,1.0</skyColor>
                <gravitationalMultiplier>61</gravitationalMultiplier>
                <orbitalDistance>156</orbitalDistance>
                <orbitalTheta>32</orbitalTheta>
                <orbitalPhi>-233</orbitalPhi>
                <retrograde>false</retrograde>
                <avgTemperature>20</avgTemperature>
                <rotationalPeriod>105735</rotationalPeriod>
                <atmosphereDensity>22</atmosphereDensity>
                <generateCraters>true</generateCraters>
                <generateCaves>false</generateCaves>
                <generateVolcanos>false</generateVolcanos>
                <generateStructures>false</generateStructures>
                <generateGeodes>false</generateGeodes>
                <biomeIds>advancedrocketry:moon;30,advancedrocketry:moondark;30</biomeIds>
            </planet>
        </planet>
    </star>
    <star blackHole="false" name="Epsilon ire" numGasGiants="0" numPlanets="0" size="1.0" temp="170" x="-200" y="80">
        <planet DIMID="49" name="Epsilon ire 49">
            <isKnown>false</isKnown>
            <fogColor>1.0,1.0,1.0</fogColor>
            <skyColor>0.8,0.606538,0.0</skyColor>
            <gravitationalMultiplier>108</gravitationalMultiplier>
            <orbitalDistance>74</orbitalDistance>
            <orbitalTheta>295</orbitalTheta>
            <orbitalPhi>-373</orbitalPhi>
            <retrograde>false</retrograde>
            <avgTemperature>585</avgTemperature>
            <rotationalPeriod>18789</rotationalPeriod>
            <atmosphereDensity>112</atmosphereDensity>
            <generateCraters>false</generateCraters>
            <generateCaves>false</generateCaves>
            <generateVolcanos>true</generateVolcanos>
            <generateStructures>false</generateStructures>
            <generateGeodes>false</generateGeodes>
            <biomeIds>minecraft:mutated_savanna_rock;30,minecraft:mutated_jungle;30,minecraft:mutated_jungle_edge;30,minecraft:mutated_savanna;30,minecraft:frozen_ocean;30</biomeIds>
            <planet DIMID="50" name="Epsilon ire 49: 0">
                <isKnown>false</isKnown>
                <fogColor>1.0,1.0,1.0</fogColor>
                <skyColor>0.8,0.7121062,0.5399249</skyColor>
                <gravitationalMultiplier>71</gravitationalMultiplier>
                <orbitalDistance>177</orbitalDistance>
                <orbitalTheta>37</orbitalTheta>
                <orbitalPhi>-184</orbitalPhi>
                <retrograde>false</retrograde>
                <avgTemperature>326</avgTemperature>
                <rotationalPeriod>67055</rotationalPeriod>
                <atmosphereDensity>35</atmosphereDensity>
                <generateCraters>true</generateCraters>
                <generateCaves>false</generateCaves>
                <generateVolcanos>false</generateVolcanos>
                <generateStructures>false</generateStructures>
                <generateGeodes>false</generateGeodes>
                <seaLevel>61</seaLevel>
                <biomeIds>minecraft:desert_hills;30</biomeIds>
            </planet>
            <planet DIMID="51" name="Epsilon ire 49: 1">
                <isKnown>false</isKnown>
                <fogColor>1.0,1.0,1.0</fogColor>
                <skyColor>0.8,0.7323689,0.33590835</skyColor>
                <gravitationalMultiplier>34</gravitationalMultiplier>
                <orbitalDistance>128</orbitalDistance>
                <orbitalTheta>247</orbitalTheta>
                <orbitalPhi>-157</orbitalPhi>
                <retrograde>false</retrograde>
                <avgTemperature>384</avgTemperature>
                <rotationalPeriod>610624</rotationalPeriod>
                <atmosphereDensity>15</atmosphereDensity>
                <generateCraters>true</generateCraters>
                <generateCaves>false</generateCaves>
                <generateVolcanos>false</generateVolcanos>
                <generateStructures>false</generateStructures>
                <generateGeodes>false</generateGeodes>
                <biomeIds>advancedrocketry:moon;30,advancedrocketry:moondark;30</biomeIds>
            </planet>
            <oceanBlock>minecraft:lava</oceanBlock>
        </planet>
        <planet DIMID="52" name="Epsilon ire 52">
            <isKnown>false</isKnown>
            <fogColor>1.0,1.0,1.0</fogColor>
            <skyColor>0.8,0.7223325,0.4481485</skyColor>
            <gravitationalMultiplier>117</gravitationalMultiplier>
            <orbitalDistance>144</orbitalDistance>
            <orbitalTheta>321</orbitalTheta>
            <orbitalPhi>6</orbitalPhi>
            <retrograde>false</retrograde>
            <avgTemperature>362</avgTemperature>
            <rotationalPeriod>14794</rotationalPeriod>
            <atmosphereDensity>0</atmosphereDensity>
            <generateCraters>true</generateCraters>
            <generateCaves>false</generateCaves>
            <generateVolcanos>false</generateVolcanos>
            <generateStructures>false</generateStructures>
            <generateGeodes>false</generateGeodes>
            <biomeIds>advancedrocketry:moon;30,advancedrocketry:moondark;30</biomeIds>
        </planet>
        <planet DIMID="53" name="Epsilon ire 53">
            <isKnown>false</isKnown>
            <fogColor>1.0,1.0,1.0</fogColor>
            <skyColor>0.8,0.69234663,0.13686192</skyColor>
            <gravitationalMultiplier>130</gravitationalMultiplier>
            <orbitalDistance>161</orbitalDistance>
            <orbitalTheta>355</orbitalTheta>
            <orbitalPhi>-163</orbitalPhi>
            <retrograde>false</retrograde>
            <avgTemperature>452</avgTemperature>
            <rotationalPeriod>10923</rotationalPeriod>
            <atmosphereDensity>190</atmosphereDensity>
            <generateCraters>false</generateCraters>
            <generateCaves>false</generateCaves>
            <generateVolcanos>true</generateVolcanos>
            <generateStructures>false</generateStructures>
            <generateGeodes>true</generateGeodes>
            <biomeIds>advancedrocketry:oceanspires;30,minecraft:mutated_savanna;30,minecraft:mutated_mesa_clear_rock;30,minecraft:savanna;30,minecraft:jungle_hills;30</biomeIds>
            <planet DIMID="54" name="Epsilon ire 53: 0">
                <isKnown>false</isKnown>
                <fogColor>1.0,1.0,1.0</fogColor>
                <skyColor>0.8,0.7802365,0.47427928</skyColor>
                <gravitationalMultiplier>64</gravitationalMultiplier>
                <orbitalDistance>155</orbitalDistance>
                <orbitalTheta>252</orbitalTheta>
                <orbitalPhi>-79</orbitalPhi>
                <retrograde>false</retrograde>
                <avgTemperature>349</avgTemperature>
                <rotationalPeriod>91552</rotationalPeriod>
                <atmosphereDensity>35</atmosphereDensity>
                <generateCraters>true</generateCraters>
                <generateCaves>false</generateCaves>
                <generateVolcanos>false</generateVolcanos>
                <generateStructures>false</generateStructures>
                <generateGeodes>false</generateGeodes>
                <biomeIds>minecraft:ocean;30,minecraft:mutated_redwood_taiga_hills;30,minecraft:jungle;30,minecraft:mutated_birch_forest_hills;30,minecraft:roofed_forest;10</biomeIds>
            </planet>
            <planet DIMID="55" name="Epsilon ire 53: 1">
                <isKnown>false</isKnown>
                <fogColor>1.0,1.0,1.0</fogColor>
                <skyColor>0.8,0.93001145,0.3544339</skyColor>
                <gravitationalMultiplier>63</gravitationalMultiplier>
                <orbitalDistance>130</orbitalDistance>
                <orbitalTheta>26</orbitalTheta>
                <orbitalPhi>-152</orbitalPhi>
                <retrograde>false</retrograde>
                <avgTemperature>381</avgTemperature>
                <rotationalPeriod>95981</rotationalPeriod>
                <atmosphereDensity>21</atmosphereDensity>
                <generateCraters>true</generateCraters>
                <generateCaves>false</generateCaves>
                <generateVolcanos>false</generateVolcanos>
                <generateStructures>false</generateStructures>
                <generateGeodes>false</generateGeodes>
                <seaLevel>67</seaLevel>
                <biomeIds>advancedrocketry:moon;30,advancedrocketry:moondark;30</biomeIds>
            </planet>
            <planet DIMID="56" name="Epsilon ire 53: 2">
                <isKnown>false</isKnown>
                <fogColor>1.0,1.0,1.0</fogColor>
                <skyColor>0.8,0.7081592,0.5744631</skyColor>
                <gravitationalMultiplier>75</gravitationalMultiplier>
                <orbitalDistance>171</orbitalDistance>
                <orbitalTheta>17</orbitalTheta>
                <orbitalPhi>-79</orbitalPhi>
                <retrograde>false</retrograde>
                <avgTemperature>332</avgTemperature>
                <rotationalPeriod>56888</rotationalPeriod>
                <atmosphereDensity>18</atmosphereDensity>
                <generateCraters>true</generateCraters>
                <generateCaves>false</generateCaves>
                <generateVolcanos>false</generateVolcanos>
                <generateStructures>false</generateStructures>
                <generateGeodes>false</generateGeodes>
                <biomeIds>advancedrocketry:moon;30,advancedrocketry:moondark;30</biomeIds>
            </planet>
            <oceanBlock>minecraft:lava</oceanBlock>
        </planet>
        <planet DIMID="38" name="Epsilon ire 38">
            <isKnown>false</isKnown>
            <fogColor>1.0,1.0,1.0</fogColor>
            <skyColor>0.8,0.6639484,0.0</skyColor>
            <gravitationalMultiplier>95</gravitationalMultiplier>
            <orbitalDistance>78</orbitalDistance>
            <orbitalTheta>40</orbitalTheta>
            <orbitalPhi>-121</orbitalPhi>
            <retrograde>false</retrograde>
            <avgTemperature>673</avgTemperature>
            <rotationalPeriod>27555</rotationalPeriod>
            <atmosphereDensity>219</atmosphereDensity>
            <generateCraters>false</generateCraters>
            <generateCaves>false</generateCaves>
            <generateVolcanos>true</generateVolcanos>
            <generateStructures>false</generateStructures>
            <generateGeodes>true</generateGeodes>
            <biomeIds>minecraft:mutated_mesa_clear_rock;30,minecraft:mutated_mesa;30,advancedrocketry:oceanspires;30,minecraft:jungle_hills;30,minecraft:mutated_jungle;30</biomeIds>
            <oceanBlock>minecraft:lava</oceanBlock>
        </planet>
        <planet DIMID="39" name="Epsilon ire 39">
            <isKnown>false</isKnown>
            <fogColor>1.0,1.0,1.0</fogColor>
            <skyColor>0.8,0.67354107,0.45256925</skyColor>
            <gravitationalMultiplier>114</gravitationalMultiplier>
            <orbitalDistance>136</orbitalDistance>
            <orbitalTheta>337</orbitalTheta>
            <orbitalPhi>73</orbitalPhi>
            <retrograde>false</retrograde>
            <avgTemperature>372</avgTemperature>
            <rotationalPeriod>15988</rotationalPeriod>
            <atmosphereDensity>60</atmosphereDensity>
            <generateCraters>true</generateCraters>
            <generateCaves>false</generateCaves>
            <generateVolcanos>false</generateVolcanos>
            <generateStructures>false</generateStructures>
            <generateGeodes>false</generateGeodes>
            <biomeIds>minecraft:deep_ocean;30,minecraft:desert_hills;30,advancedrocketry:volcanicbarren;30,minecraft:mutated_desert;30,minecraft:ocean;30</biomeIds>
            <planet DIMID="40" name="Epsilon ire 39: 0">
                <isKnown>false</isKnown>
                <fogColor>1.0,1.0,1.0</fogColor>
                <skyColor>0.8,0.52581376,0.47211075</skyColor>
                <gravitationalMultiplier>74</gravitationalMultiplier>
                <orbitalDistance>143</orbitalDistance>
                <orbitalTheta>238</orbitalTheta>
                <orbitalPhi>6</orbitalPhi>
                <retrograde>false</retrograde>
                <avgTemperature>363</avgTemperature>
                <rotationalPeriod>59226</rotationalPeriod>
                <atmosphereDensity>15</atmosphereDensity>
                <generateCraters>true</generateCraters>
                <generateCaves>false</generateCaves>
                <generateVolcanos>false</generateVolcanos>
                <generateStructures>false</generateStructures>
                <generateGeodes>false</generateGeodes>
                <biomeIds>advancedrocketry:moon;30,advancedrocketry:moondark;30</biomeIds>
            </planet>
            <planet DIMID="41" name="Epsilon ire 39: 1">
                <isKnown>false</isKnown>
                <fogColor>1.0,1.0,1.0</fogColor>
                <skyColor>0.8,0.95576787,0.59845865</skyColor>
                <gravitationalMultiplier>58</gravitationalMultiplier>
                <orbitalDistance>198</orbitalDistance>
                <orbitalTheta>340</orbitalTheta>
                <orbitalPhi>-300</orbitalPhi>
                <retrograde>false</retrograde>
                <avgTemperature>309</avgTemperature>
                <rotationalPeriod>123006</rotationalPeriod>
                <atmosphereDensity>20</atmosphereDensity>
                <generateCraters>true</generateCraters>
                <generateCaves>false</generateCaves>
                <generateVolcanos>false</generateVolcanos>
                <generateStructures>false</generateStructures>
                <generateGeodes>false</generateGeodes>
                <biomeIds>advancedrocketry:moon;30,advancedrocketry:moondark;30</biomeIds>
            </planet>
        </planet>
        <planet DIMID="42" name="Epsilon ire 42">
            <isKnown>false</isKnown>
            <fogColor>1.0,1.0,1.0</fogColor>
            <skyColor>0.8,0.9003476,0.42063856</skyColor>
            <gravitationalMultiplier>130</gravitationalMultiplier>
            <orbitalDistance>144</orbitalDistance>
            <orbitalTheta>357</orbitalTheta>
            <orbitalPhi>-33</orbitalPhi>
            <retrograde>false</retrograde>
            <avgTemperature>362</avgTemperature>
            <rotationalPeriod>10923</rotationalPeriod>
            <atmosphereDensity>0</atmosphereDensity>
            <generateCraters>true</generateCraters>
            <generateCaves>false</generateCaves>
            <generateVolcanos>false</generateVolcanos>
            <generateStructures>false</generateStructures>
            <generateGeodes>false</generateGeodes>
            <biomeIds>advancedrocketry:moon;30,advancedrocketry:moondark;30</biomeIds>
            <planet DIMID="43" name="Epsilon ire 42: 0">
                <isKnown>false</isKnown>
                <fogColor>1.0,1.0,1.0</fogColor>
                <skyColor>0.8,0.5629508,0.52481914</skyColor>
                <gravitationalMultiplier>85</gravitationalMultiplier>
                <orbitalDistance>179</orbitalDistance>
                <orbitalTheta>153</orbitalTheta>
                <orbitalPhi>-128</orbitalPhi>
                <retrograde>false</retrograde>
                <avgTemperature>325</avgTemperature>
                <rotationalPeriod>39079</rotationalPeriod>
                <atmosphereDensity>25</atmosphereDensity>
                <generateCraters>true</generateCraters>
                <generateCaves>false</generateCaves>
                <generateVolcanos>false</generateVolcanos>
                <generateStructures>false</generateStructures>
                <generateGeodes>false</generateGeodes>
                <biomeIds>advancedrocketry:moon;30,advancedrocketry:moondark;30</biomeIds>
            </planet>
            <planet DIMID="44" name="Epsilon ire 42: 1">
                <isKnown>false</isKnown>
                <fogColor>1.0,1.0,1.0</fogColor>
                <skyColor>0.8,0.9862178,0.27145875</skyColor>
                <gravitationalMultiplier>66</gravitationalMultiplier>
                <orbitalDistance>118</orbitalDistance>
                <orbitalTheta>357</orbitalTheta>
                <orbitalPhi>142</orbitalPhi>
                <retrograde>false</retrograde>
                <avgTemperature>400</avgTemperature>
                <rotationalPeriod>83479</rotationalPeriod>
                <atmosphereDensity>21</atmosphereDensity>
                <generateCraters>true</generateCraters>
                <generateCaves>false</generateCaves>
                <generateVolcanos>false</generateVolcanos>
                <generateStructures>false</generateStructures>
                <generateGeodes>false</generateGeodes>
                <biomeIds>advancedrocketry:moon;30,advancedrocketry:moondark;30</biomeIds>
            </planet>
            <planet DIMID="45" name="Epsilon ire 42: 2">
                <isKnown>false</isKnown>
                <fogColor>1.0,1.0,1.0</fogColor>
                <skyColor>0.8,0.5729941,0.27934635</skyColor>
                <gravitationalMultiplier>47</gravitationalMultiplier>
                <orbitalDistance>116</orbitalDistance>
                <orbitalTheta>229</orbitalTheta>
                <orbitalPhi>65</orbitalPhi>
                <retrograde>false</retrograde>
                <avgTemperature>403</avgTemperature>
                <rotationalPeriod>231162</rotationalPeriod>
                <atmosphereDensity>28</atmosphereDensity>
                <generateCraters>true</generateCraters>
                <generateCaves>false</generateCaves>
                <generateVolcanos>false</generateVolcanos>
                <generateStructures>false</generateStructures>
                <generateGeodes>false</generateGeodes>
                <biomeIds>minecraft:plains;10,minecraft:mutated_mesa_rock;30,minecraft:mutated_birch_forest_hills;30,minecraft:mutated_extreme_hills_with_trees;30,minecraft:mutated_jungle_edge;30</biomeIds>
            </planet>
        </planet>
        <planet DIMID="46" name="Epsilon ire 46">
            <isKnown>false</isKnown>
            <hasRings>true</hasRings>
            <ringColor>0.8,0.9364993,0.0</ringColor>
            <fogColor>1.0,1.0,1.0</fogColor>
            <skyColor>0.8,0.9364993,0.0</skyColor>
            <gravitationalMultiplier>122</gravitationalMultiplier>
            <orbitalDistance>88</orbitalDistance>
            <orbitalTheta>17</orbitalTheta>
            <orbitalPhi>-5</orbitalPhi>
            <retrograde>false</retrograde>
            <avgTemperature>606</avgTemperature>
            <rotationalPeriod>13055</rotationalPeriod>
            <atmosphereDensity>183</atmosphereDensity>
            <generateCraters>false</generateCraters>
            <generateCaves>false</generateCaves>
            <generateVolcanos>true</generateVolcanos>
            <generateStructures>false</generateStructures>
            <generateGeodes>true</generateGeodes>
            <biomeIds>minecraft:mutated_savanna_rock;30,minecraft:mutated_mesa;30,minecraft:mutated_savanna;30,minecraft:mutated_mesa_clear_rock;30,minecraft:mutated_desert;30</biomeIds>
            <planet DIMID="48" name="Epsilon ire 46: 1">
                <isKnown>false</isKnown>
                <fogColor>1.0,1.0,1.0</fogColor>
                <skyColor>0.8,0.8988843,0.45111609</skyColor>
                <gravitationalMultiplier>76</gravitationalMultiplier>
                <orbitalDistance>136</orbitalDistance>
                <orbitalTheta>170</orbitalTheta>
                <orbitalPhi>-60</orbitalPhi>
                <retrograde>false</retrograde>
                <avgTemperature>372</avgTemperature>
                <rotationalPeriod>54672</rotationalPeriod>
                <atmosphereDensity>22</atmosphereDensity>
                <generateCraters>true</generateCraters>
                <generateCaves>false</generateCaves>
                <generateVolcanos>false</generateVolcanos>
                <generateStructures>false</generateStructures>
                <generateGeodes>false</generateGeodes>
                <biomeIds>advancedrocketry:moon;30,advancedrocketry:moondark;30</biomeIds>
            </planet>
            <planet DIMID="47" name="Epsilon ire 46: 0">
                <isKnown>false</isKnown>
                <fogColor>1.0,1.0,1.0</fogColor>
                <skyColor>0.8,0.80554324,0.5426127</skyColor>
                <gravitationalMultiplier>58</gravitationalMultiplier>
                <orbitalDistance>182</orbitalDistance>
                <orbitalTheta>212</orbitalTheta>
                <orbitalPhi>-218</orbitalPhi>
                <retrograde>false</retrograde>
                <avgTemperature>322</avgTemperature>
                <rotationalPeriod>116857</rotationalPeriod>
                <atmosphereDensity>37</atmosphereDensity>
                <generateCraters>true</generateCraters>
                <generateCaves>false</generateCaves>
                <generateVolcanos>false</generateVolcanos>
                <generateStructures>false</generateStructures>
                <generateGeodes>false</generateGeodes>
                <biomeIds>minecraft:taiga_cold_hills;30,minecraft:extreme_hills;10,minecraft:taiga_cold;10,minecraft:mutated_ice_flats;30,minecraft:cold_beach;30</biomeIds>
            </planet>
            <oceanBlock>minecraft:lava</oceanBlock>
        </planet>
    </star>
    <star blackHole="false" name="Proxima Centaurs" numGasGiants="0" numPlanets="0" size="1.0" temp="200" x="-150" y="250">
        <planet DIMID="57" name="Proxima Centaurs 57">
            <isKnown>false</isKnown>
            <fogColor>1.0,1.0,1.0</fogColor>
            <skyColor>0.8,0.53215015,0.0</skyColor>
            <gravitationalMultiplier>130</gravitationalMultiplier>
            <orbitalDistance>38</orbitalDistance>
            <orbitalTheta>333</orbitalTheta>
            <orbitalPhi>3</orbitalPhi>
            <retrograde>false</retrograde>
            <avgTemperature>1103</avgTemperature>
            <rotationalPeriod>10923</rotationalPeriod>
            <atmosphereDensity>195</atmosphereDensity>
            <generateCraters>false</generateCraters>
            <generateCaves>false</generateCaves>
            <generateVolcanos>true</generateVolcanos>
            <generateStructures>false</generateStructures>
            <generateGeodes>true</generateGeodes>
            <biomeIds>advancedrocketry:volcanicbarren;30,advancedrocketry:marsh;30,minecraft:jungle_edge;30,minecraft:mutated_desert;30,minecraft:savanna;30</biomeIds>
            <planet DIMID="58" name="Proxima Centaurs 57: 0">
                <isKnown>false</isKnown>
                <fogColor>1.0,1.0,1.0</fogColor>
                <skyColor>0.8,0.5163329,0.20960456</skyColor>
                <gravitationalMultiplier>63</gravitationalMultiplier>
                <orbitalDistance>133</orbitalDistance>
                <orbitalTheta>42</orbitalTheta>
                <orbitalPhi>11</orbitalPhi>
                <retrograde>false</retrograde>
                <avgTemperature>443</avgTemperature>
                <rotationalPeriod>95981</rotationalPeriod>
                <atmosphereDensity>20</atmosphereDensity>
                <generateCraters>true</generateCraters>
                <generateCaves>false</generateCaves>
                <generateVolcanos>false</generateVolcanos>
                <generateStructures>false</generateStructures>
                <generateGeodes>false</generateGeodes>
                <biomeIds>advancedrocketry:moon;30,advancedrocketry:moondark;30</biomeIds>
            </planet>
            <planet DIMID="59" name="Proxima Centaurs 57: 1">
                <isKnown>false</isKnown>
                <fogColor>1.0,1.0,1.0</fogColor>
                <skyColor>0.8,0.5753281,0.43883026</skyColor>
                <gravitationalMultiplier>54</gravitationalMultiplier>
                <orbitalDistance>187</orbitalDistance>
                <orbitalTheta>32</orbitalTheta>
                <orbitalPhi>147</orbitalPhi>
                <retrograde>false</retrograde>
                <avgTemperature>374</avgTemperature>
                <rotationalPeriod>152415</rotationalPeriod>
                <atmosphereDensity>37</atmosphereDensity>
                <generateCraters>true</generateCraters>
                <generateCaves>false</generateCaves>
                <generateVolcanos>false</generateVolcanos>
                <generateStructures>false</generateStructures>
                <generateGeodes>false</generateGeodes>
                <biomeIds>minecraft:desert_hills;30</biomeIds>
            </planet>
            <oceanBlock>minecraft:lava</oceanBlock>
        </planet>
        <planet DIMID="60" name="Proxima Centaurs 60">
            <isKnown>false</isKnown>
            <fogColor>1.0,1.0,1.0</fogColor>
            <skyColor>0.8,0.5559243,0.26047552</skyColor>
            <gravitationalMultiplier>130</gravitationalMultiplier>
            <orbitalDistance>160</orbitalDistance>
            <orbitalTheta>354</orbitalTheta>
            <orbitalPhi>-32</orbitalPhi>
            <retrograde>false</retrograde>
            <avgTemperature>404</avgTemperature>
            <rotationalPeriod>10923</rotationalPeriod>
            <atmosphereDensity>55</atmosphereDensity>
            <generateCraters>true</generateCraters>
            <generateCaves>false</generateCaves>
            <generateVolcanos>false</generateVolcanos>
            <generateStructures>false</generateStructures>
            <generateGeodes>false</generateGeodes>
            <biomeIds>minecraft:desert_hills;30</biomeIds>
        </planet>
        <planet DIMID="61" name="Proxima Centaurs 61">
            <isKnown>false</isKnown>
            <fogColor>1.0,1.0,1.0</fogColor>
            <skyColor>0.8,0.8114674,0.025529563</skyColor>
            <gravitationalMultiplier>112</gravitationalMultiplier>
            <orbitalDistance>122</orbitalDistance>
            <orbitalTheta>311</orbitalTheta>
            <orbitalPhi>-167</orbitalPhi>
            <retrograde>false</retrograde>
            <avgTemperature>491</avgTemperature>
            <rotationalPeriod>16855</rotationalPeriod>
            <atmosphereDensity>79</atmosphereDensity>
            <generateCraters>false</generateCraters>
            <generateCaves>false</generateCaves>
            <generateVolcanos>true</generateVolcanos>
            <generateStructures>false</generateStructures>
            <generateGeodes>false</generateGeodes>
            <biomeIds>minecraft:mutated_mesa_clear_rock;30,minecraft:deep_ocean;30,minecraft:mutated_desert;30,minecraft:mutated_savanna_rock;30,minecraft:savanna_rock;30</biomeIds>
            <planet DIMID="62" name="Proxima Centaurs 61: 0">
                <isKnown>false</isKnown>
                <fogColor>1.0,1.0,1.0</fogColor>
                <skyColor>0.8,0.7482667,0.07219982</skyColor>
                <gravitationalMultiplier>76</gravitationalMultiplier>
                <orbitalDistance>116</orbitalDistance>
                <orbitalTheta>206</orbitalTheta>
                <orbitalPhi>93</orbitalPhi>
                <retrograde>false</retrograde>
                <avgTemperature>475</avgTemperature>
                <rotationalPeriod>54672</rotationalPeriod>
                <atmosphereDensity>27</atmosphereDensity>
                <generateCraters>true</generateCraters>
                <generateCaves>false</generateCaves>
                <generateVolcanos>true</generateVolcanos>
                <generateStructures>false</generateStructures>
                <generateGeodes>false</generateGeodes>
                <biomeIds>minecraft:mutated_mesa_clear_rock;30,minecraft:savanna;30,minecraft:frozen_ocean;30,minecraft:mutated_mesa;30,minecraft:mutated_savanna_rock;30</biomeIds>
                <oceanBlock>minecraft:lava</oceanBlock>
            </planet>
            <planet DIMID="63" name="Proxima Centaurs 61: 1">
                <isKnown>false</isKnown>
                <fogColor>1.0,1.0,1.0</fogColor>
                <skyColor>0.8,0.62304896,0.19809437</skyColor>
                <gravitationalMultiplier>62</gravitationalMultiplier>
                <orbitalDistance>138</orbitalDistance>
                <orbitalTheta>217</orbitalTheta>
                <orbitalPhi>19</orbitalPhi>
                <retrograde>false</retrograde>
                <avgTemperature>435</avgTemperature>
                <rotationalPeriod>100701</rotationalPeriod>
                <atmosphereDensity>35</atmosphereDensity>
                <generateCraters>true</generateCraters>
                <generateCaves>false</generateCaves>
                <generateVolcanos>false</generateVolcanos>
                <generateStructures>false</generateStructures>
                <generateGeodes>false</generateGeodes>
                <biomeIds>minecraft:plains;10,minecraft:mutated_redwood_taiga_hills;30,minecraft:mesa;30,minecraft:mutated_jungle_edge;30,minecraft:mushroom_island;30</biomeIds>
            </planet>
            <oceanBlock>minecraft:lava</oceanBlock>
        </planet>
    </star>
    <star blackHole="false" name="Magnis Vulpes" numGasGiants="0" numPlanets="0" size="1.0" temp="70" x="-150" y="-250">
        <planet DIMID="64" name="Magnis Vulpes 64">
            <isKnown>false</isKnown>
            <fogColor>1.0,1.0,1.0</fogColor>
            <skyColor>0.8,0.6682397,0.0</skyColor>
            <gravitationalMultiplier>106</gravitationalMultiplier>
            <orbitalDistance>12</orbitalDistance>
            <orbitalTheta>333</orbitalTheta>
            <orbitalPhi>-196</orbitalPhi>
            <retrograde>false</retrograde>
            <avgTemperature>633</avgTemperature>
            <rotationalPeriod>19868</rotationalPeriod>
            <atmosphereDensity>141</atmosphereDensity>
            <generateCraters>false</generateCraters>
            <generateCaves>false</generateCaves>
            <generateVolcanos>true</generateVolcanos>
            <generateStructures>false</generateStructures>
            <generateGeodes>true</generateGeodes>
            <biomeIds>advancedrocketry:volcanicbarren;30,minecraft:jungle_hills;30,minecraft:deep_ocean;30,minecraft:mutated_mesa_rock;30,minecraft:mutated_mesa;30</biomeIds>
            <planet DIMID="65" name="Magnis Vulpes 64: 0">
                <isKnown>false</isKnown>
                <fogColor>1.0,1.0,1.0</fogColor>
                <skyColor>0.7561042,0.9060549,1.0</skyColor>
                <gravitationalMultiplier>72</gravitationalMultiplier>
                <orbitalDistance>161</orbitalDistance>
                <orbitalTheta>317</orbitalTheta>
                <orbitalPhi>164</orbitalPhi>
                <retrograde>false</retrograde>
                <avgTemperature>141</avgTemperature>
                <rotationalPeriod>64300</rotationalPeriod>
                <atmosphereDensity>22</atmosphereDensity>
                <generateCraters>true</generateCraters>
                <generateCaves>false</generateCaves>
                <generateVolcanos>false</generateVolcanos>
                <generateStructures>false</generateStructures>
                <generateGeodes>false</generateGeodes>
                <biomeIds>advancedrocketry:moon;30,advancedrocketry:moondark;30</biomeIds>
            </planet>
            <planet DIMID="66" name="Magnis Vulpes 64: 1">
                <isKnown>false</isKnown>
                <fogColor>1.0,1.0,1.0</fogColor>
                <skyColor>0.8,0.76716006,1.0</skyColor>
                <gravitationalMultiplier>67</gravitationalMultiplier>
                <orbitalDistance>112</orbitalDistance>
                <orbitalTheta>54</orbitalTheta>
                <orbitalPhi>-213</orbitalPhi>
                <retrograde>false</retrograde>
                <avgTemperature>169</avgTemperature>
                <rotationalPeriod>79797</rotationalPeriod>
                <atmosphereDensity>31</atmosphereDensity>
                <generateCraters>true</generateCraters>
                <generateCaves>false</generateCaves>
                <generateVolcanos>false</generateVolcanos>
                <generateStructures>false</generateStructures>
                <generateGeodes>false</generateGeodes>
                <biomeIds>minecraft:deep_ocean;30,minecraft:mushroom_island_shore;30,minecraft:mutated_mesa;30,minecraft:mutated_desert;30,minecraft:birch_forest_hills;30</biomeIds>
            </planet>
            <oceanBlock>minecraft:lava</oceanBlock>
        </planet>
        <planet DIMID="67" name="Magnis Vulpes 67">
            <isKnown>false</isKnown>
            <fogColor>1.0,1.0,1.0</fogColor>
            <skyColor>0.8,0.56614876,0.8421869</skyColor>
            <gravitationalMultiplier>130</gravitationalMultiplier>
            <orbitalDistance>78</orbitalDistance>
            <orbitalTheta>196</orbitalTheta>
            <orbitalPhi>-241</orbitalPhi>
            <retrograde>false</retrograde>
            <avgTemperature>232</avgTemperature>
            <rotationalPeriod>10923</rotationalPeriod>
            <atmosphereDensity>107</atmosphereDensity>
            <generateCraters>false</generateCraters>
            <generateCaves>false</generateCaves>
            <generateVolcanos>false</generateVolcanos>
            <generateStructures>false</generateStructures>
            <generateGeodes>false</generateGeodes>
            <seaLevel>48</seaLevel>
            <biomeIds>advancedrocketry:volcanicbarren;30,minecraft:mutated_mesa;30,minecraft:plains;10,minecraft:mutated_forest;30,minecraft:swampland;10</biomeIds>
            <planet DIMID="68" name="Magnis Vulpes 67: 0">
                <isKnown>false</isKnown>
                <fogColor>1.0,1.0,1.0</fogColor>
                <skyColor>0.79202664,0.5276685,1.0</skyColor>
                <gravitationalMultiplier>68</gravitationalMultiplier>
                <orbitalDistance>146</orbitalDistance>
                <orbitalTheta>33</orbitalTheta>
                <orbitalPhi>-62</orbitalPhi>
                <retrograde>false</retrograde>
                <avgTemperature>148</avgTemperature>
                <rotationalPeriod>76328</rotationalPeriod>
                <atmosphereDensity>19</atmosphereDensity>
                <generateCraters>true</generateCraters>
                <generateCaves>false</generateCaves>
                <generateVolcanos>false</generateVolcanos>
                <generateStructures>false</generateStructures>
                <generateGeodes>false</generateGeodes>
                <seaLevel>50</seaLevel>
                <biomeIds>advancedrocketry:moon;30,advancedrocketry:moondark;30</biomeIds>
            </planet>
            <planet DIMID="69" name="Magnis Vulpes 67: 1">
                <isKnown>false</isKnown>
                <fogColor>1.0,1.0,1.0</fogColor>
                <skyColor>0.796038,0.69688106,1.0</skyColor>
                <gravitationalMultiplier>63</gravitationalMultiplier>
                <orbitalDistance>109</orbitalDistance>
                <orbitalTheta>217</orbitalTheta>
                <orbitalPhi>-241</orbitalPhi>
                <retrograde>false</retrograde>
                <avgTemperature>171</avgTemperature>
                <rotationalPeriod>95981</rotationalPeriod>
                <atmosphereDensity>28</atmosphereDensity>
                <generateCraters>true</generateCraters>
                <generateCaves>false</generateCaves>
                <generateVolcanos>false</generateVolcanos>
                <generateStructures>false</generateStructures>
                <generateGeodes>false</generateGeodes>
                <biomeIds>minecraft:mutated_redwood_taiga;30,minecraft:mutated_savanna;30,minecraft:deep_ocean;30,minecraft:mutated_redwood_taiga_hills;30,minecraft:mutated_savanna_rock;30</biomeIds>
            </planet>
        </planet>
    </star>
    <star blackHole="false" name="Ma-Roo" numGasGiants="0" numPlanets="0" size="1.0" temp="200" x="50" y="-250">
        <planet DIMID="80" name="Ma-Roo 80">
            <isKnown>false</isKnown>
            <fogColor>1.0,1.0,1.0</fogColor>
            <skyColor>0.8,0.67136335,0.0</skyColor>
            <gravitationalMultiplier>94</gravitationalMultiplier>
            <orbitalDistance>119</orbitalDistance>
            <orbitalTheta>137</orbitalTheta>
            <orbitalPhi>67</orbitalPhi>
            <retrograde>false</retrograde>
            <avgTemperature>628</avgTemperature>
            <rotationalPeriod>28439</rotationalPeriod>
            <atmosphereDensity>201</atmosphereDensity>
            <generateCraters>false</generateCraters>
            <generateCaves>false</generateCaves>
            <generateVolcanos>true</generateVolcanos>
            <generateStructures>false</generateStructures>
            <generateGeodes>true</generateGeodes>
            <biomeIds>minecraft:mutated_desert;30,minecraft:mutated_jungle;30,minecraft:frozen_ocean;30,minecraft:jungle_hills;30,minecraft:jungle_edge;30</biomeIds>
            <oceanBlock>minecraft:lava</oceanBlock>
        </planet>
        <planet DIMID="81" name="Ma-Roo 81">
            <isKnown>false</isKnown>
            <fogColor>1.0,1.0,1.0</fogColor>
            <skyColor>0.8,0.77617383,0.0</skyColor>
            <gravitationalMultiplier>105</gravitationalMultiplier>
            <orbitalDistance>96</orbitalDistance>
            <orbitalTheta>260</orbitalTheta>
            <orbitalPhi>135</orbitalPhi>
            <retrograde>false</retrograde>
            <avgTemperature>632</avgTemperature>
            <rotationalPeriod>20438</rotationalPeriod>
            <atmosphereDensity>134</atmosphereDensity>
            <generateCraters>false</generateCraters>
            <generateCaves>false</generateCaves>
            <generateVolcanos>true</generateVolcanos>
            <generateStructures>false</generateStructures>
            <generateGeodes>true</generateGeodes>
            <biomeIds>minecraft:desert_hills;30,advancedrocketry:volcanicbarren;30,minecraft:jungle_edge;30,minecraft:mutated_mesa;30,advancedrocketry:oceanspires;30</biomeIds>
            <planet DIMID="82" name="Ma-Roo 81: 0">
                <isKnown>false</isKnown>
                <fogColor>1.0,1.0,1.0</fogColor>
                <skyColor>0.8,0.7359787,0.13318527</skyColor>
                <gravitationalMultiplier>72</gravitationalMultiplier>
                <orbitalDistance>119</orbitalDistance>
                <orbitalTheta>249</orbitalTheta>
                <orbitalPhi>74</orbitalPhi>
                <retrograde>false</retrograde>
                <avgTemperature>469</avgTemperature>
                <rotationalPeriod>64300</rotationalPeriod>
                <atmosphereDensity>19</atmosphereDensity>
                <generateCraters>true</generateCraters>
                <generateCaves>false</generateCaves>
                <generateVolcanos>true</generateVolcanos>
                <generateStructures>false</generateStructures>
                <generateGeodes>false</generateGeodes>
                <biomeIds>advancedrocketry:moon;30,advancedrocketry:moondark;30</biomeIds>
                <oceanBlock>minecraft:lava</oceanBlock>
            </planet>
            <oceanBlock>minecraft:lava</oceanBlock>
        </planet>
        <planet DIMID="83" name="Ma-Roo 83">
            <isKnown>false</isKnown>
            <fogColor>1.0,1.0,1.0</fogColor>
            <skyColor>0.8,0.68559295,0.2414205</skyColor>
            <gravitationalMultiplier>115</gravitationalMultiplier>
            <orbitalDistance>150</orbitalDistance>
            <orbitalTheta>24</orbitalTheta>
            <orbitalPhi>-121</orbitalPhi>
            <retrograde>false</retrograde>
            <avgTemperature>417</avgTemperature>
            <rotationalPeriod>15576</rotationalPeriod>
            <atmosphereDensity>0</atmosphereDensity>
            <generateCraters>true</generateCraters>
            <generateCaves>false</generateCaves>
            <generateVolcanos>false</generateVolcanos>
            <generateStructures>false</generateStructures>
            <generateGeodes>false</generateGeodes>
            <biomeIds>advancedrocketry:moon;30,advancedrocketry:moondark;30</biomeIds>
        </planet>
        <planet DIMID="70" name="Ma-Roo 70">
            <isKnown>false</isKnown>
            <fogColor>1.0,1.0,1.0</fogColor>
            <skyColor>0.8,0.9665866,0.0</skyColor>
            <gravitationalMultiplier>104</gravitationalMultiplier>
            <orbitalDistance>1</orbitalDistance>
            <orbitalTheta>160</orbitalTheta>
            <orbitalPhi>-14</orbitalPhi>
            <retrograde>false</retrograde>
            <avgTemperature>6049</avgTemperature>
            <rotationalPeriod>21031</rotationalPeriod>
            <atmosphereDensity>122</atmosphereDensity>
            <generateCraters>false</generateCraters>
            <generateCaves>false</generateCaves>
            <generateVolcanos>true</generateVolcanos>
            <generateStructures>false</generateStructures>
            <generateGeodes>false</generateGeodes>
            <biomeIds>minecraft:desert_hills;30,minecraft:mutated_savanna;30,advancedrocketry:oceanspires;30,minecraft:jungle;30,minecraft:mutated_jungle_edge;30</biomeIds>
            <planet DIMID="71" name="Ma-Roo 70: 0">
                <isKnown>false</isKnown>
                <fogColor>1.0,1.0,1.0</fogColor>
                <skyColor>0.8,0.8938774,0.0405522</skyColor>
                <gravitationalMultiplier>34</gravitationalMultiplier>
                <orbitalDistance>115</orbitalDistance>
                <orbitalTheta>247</orbitalTheta>
                <orbitalPhi>-33</orbitalPhi>
                <retrograde>false</retrograde>
                <avgTemperature>477</avgTemperature>
                <rotationalPeriod>610624</rotationalPeriod>
                <atmosphereDensity>35</atmosphereDensity>
                <generateCraters>true</generateCraters>
                <generateCaves>false</generateCaves>
                <generateVolcanos>true</generateVolcanos>
                <generateStructures>false</generateStructures>
                <generateGeodes>false</generateGeodes>
                <seaLevel>70</seaLevel>
                <biomeIds>minecraft:jungle_edge;30,minecraft:ocean;30,minecraft:savanna_rock;30,minecraft:mutated_jungle_edge;30,minecraft:desert;30</biomeIds>
                <oceanBlock>minecraft:lava</oceanBlock>
            </planet>
            <planet DIMID="72" name="Ma-Roo 70: 1">
                <isKnown>false</isKnown>
                <fogColor>1.0,1.0,1.0</fogColor>
                <skyColor>0.8,0.8885106,0.22013313</skyColor>
                <gravitationalMultiplier>52</gravitationalMultiplier>
                <orbitalDistance>152</orbitalDistance>
                <orbitalTheta>208</orbitalTheta>
                <orbitalPhi>12</orbitalPhi>
                <retrograde>false</retrograde>
                <avgTemperature>415</avgTemperature>
                <rotationalPeriod>170687</rotationalPeriod>
                <atmosphereDensity>21</atmosphereDensity>
                <generateCraters>true</generateCraters>
                <generateCaves>false</generateCaves>
                <generateVolcanos>false</generateVolcanos>
                <generateStructures>false</generateStructures>
                <generateGeodes>false</generateGeodes>
                <biomeIds>advancedrocketry:moon;30,advancedrocketry:moondark;30</biomeIds>
            </planet>
            <oceanBlock>minecraft:lava</oceanBlock>
        </planet>
        <planet DIMID="73" name="Ma-Roo 73">
            <isKnown>false</isKnown>
            <fogColor>1.0,1.0,1.0</fogColor>
            <skyColor>0.8,0.7177448,0.20818526</skyColor>
            <gravitationalMultiplier>130</gravitationalMultiplier>
            <orbitalDistance>138</orbitalDistance>
            <orbitalTheta>84</orbitalTheta>
            <orbitalPhi>-128</orbitalPhi>
            <retrograde>false</retrograde>
            <avgTemperature>436</avgTemperature>
            <rotationalPeriod>10923</rotationalPeriod>
            <atmosphereDensity>63</atmosphereDensity>
            <generateCraters>true</generateCraters>
            <generateCaves>false</generateCaves>
            <generateVolcanos>false</generateVolcanos>
            <generateStructures>false</generateStructures>
            <generateGeodes>false</generateGeodes>
            <biomeIds>minecraft:mutated_roofed_forest;30,minecraft:extreme_hills;10,minecraft:mutated_swampland;30,minecraft:mutated_jungle_edge;30,minecraft:mushroom_island;30</biomeIds>
            <planet DIMID="74" name="Ma-Roo 73: 0">
                <isKnown>false</isKnown>
                <fogColor>1.0,1.0,1.0</fogColor>
                <skyColor>0.8,0.9719703,0.21186066</skyColor>
                <gravitationalMultiplier>52</gravitationalMultiplier>
                <orbitalDistance>137</orbitalDistance>
                <orbitalTheta>251</orbitalTheta>
                <orbitalPhi>-125</orbitalPhi>
                <retrograde>false</retrograde>
                <avgTemperature>437</avgTemperature>
                <rotationalPeriod>170687</rotationalPeriod>
                <atmosphereDensity>15</atmosphereDensity>
                <generateCraters>true</generateCraters>
                <generateCaves>false</generateCaves>
                <generateVolcanos>false</generateVolcanos>
                <generateStructures>false</generateStructures>
                <generateGeodes>false</generateGeodes>
                <biomeIds>advancedrocketry:moon;30,advancedrocketry:moondark;30</biomeIds>
            </planet>
            <planet DIMID="75" name="Ma-Roo 73: 1">
                <isKnown>false</isKnown>
                <fogColor>1.0,1.0,1.0</fogColor>
                <skyColor>0.8,0.8823448,0.1148594</skyColor>
                <gravitationalMultiplier>43</gravitationalMultiplier>
                <orbitalDistance>122</orbitalDistance>
                <orbitalTheta>286</orbitalTheta>
                <orbitalPhi>19</orbitalPhi>
                <retrograde>false</retrograde>
                <avgTemperature>463</avgTemperature>
                <rotationalPeriod>301860</rotationalPeriod>
                <atmosphereDensity>13</atmosphereDensity>
                <generateCraters>true</generateCraters>
                <generateCaves>false</generateCaves>
                <generateVolcanos>true</generateVolcanos>
                <generateStructures>false</generateStructures>
                <generateGeodes>false</generateGeodes>
                <biomeIds>advancedrocketry:moon;30,advancedrocketry:moondark;30</biomeIds>
                <oceanBlock>minecraft:lava</oceanBlock>
            </planet>
            <planet DIMID="76" name="Ma-Roo 73: 2">
                <isKnown>false</isKnown>
                <fogColor>1.0,1.0,1.0</fogColor>
                <skyColor>0.8,0.8611868,0.42427713</skyColor>
                <gravitationalMultiplier>52</gravitationalMultiplier>
                <orbitalDistance>188</orbitalDistance>
                <orbitalTheta>216</orbitalTheta>
                <orbitalPhi>95</orbitalPhi>
                <retrograde>false</retrograde>
                <avgTemperature>373</avgTemperature>
                <rotationalPeriod>170687</rotationalPeriod>
                <atmosphereDensity>31</atmosphereDensity>
                <generateCraters>true</generateCraters>
                <generateCaves>false</generateCaves>
                <generateVolcanos>false</generateVolcanos>
                <generateStructures>false</generateStructures>
                <generateGeodes>false</generateGeodes>
                <biomeIds>minecraft:mushroom_island_shore;30,minecraft:mutated_mesa_clear_rock;30,minecraft:mutated_birch_forest_hills;30,minecraft:mesa_rock;30,minecraft:smaller_extreme_hills;30</biomeIds>
            </planet>
        </planet>
        <planet DIMID="77" name="Ma-Roo 77">
            <isKnown>false</isKnown>
            <fogColor>1.0,1.0,1.0</fogColor>
            <skyColor>0.8,0.9738894,0.2599594</skyColor>
            <gravitationalMultiplier>130</gravitationalMultiplier>
            <orbitalDistance>158</orbitalDistance>
            <orbitalTheta>160</orbitalTheta>
            <orbitalPhi>-35</orbitalPhi>
            <retrograde>false</retrograde>
            <avgTemperature>407</avgTemperature>
            <rotationalPeriod>10923</rotationalPeriod>
            <atmosphereDensity>0</atmosphereDensity>
            <generateCraters>true</generateCraters>
            <generateCaves>false</generateCaves>
            <generateVolcanos>false</generateVolcanos>
            <generateStructures>false</generateStructures>
            <generateGeodes>false</generateGeodes>
            <biomeIds>advancedrocketry:moon;30,advancedrocketry:moondark;30</biomeIds>
            <planet DIMID="78" name="Ma-Roo 77: 0">
                <isKnown>false</isKnown>
                <fogColor>1.0,1.0,1.0</fogColor>
                <skyColor>0.8,0.50266707,0.0</skyColor>
                <gravitationalMultiplier>69</gravitationalMultiplier>
                <orbitalDistance>101</orbitalDistance>
                <orbitalTheta>136</orbitalTheta>
                <orbitalPhi>-125</orbitalPhi>
                <retrograde>false</retrograde>
                <avgTemperature>509</avgTemperature>
                <rotationalPeriod>73057</rotationalPeriod>
                <atmosphereDensity>30</atmosphereDensity>
                <generateCraters>true</generateCraters>
                <generateCaves>false</generateCaves>
                <generateVolcanos>true</generateVolcanos>
                <generateStructures>false</generateStructures>
                <generateGeodes>false</generateGeodes>
                <biomeIds>minecraft:jungle;30,advancedrocketry:volcanicbarren;30,advancedrocketry:marsh;30,minecraft:desert_hills;30,minecraft:mutated_mesa;30</biomeIds>
                <oceanBlock>minecraft:lava</oceanBlock>
            </planet>
            <planet DIMID="79" name="Ma-Roo 77: 1">
                <isKnown>false</isKnown>
                <fogColor>1.0,1.0,1.0</fogColor>
                <skyColor>0.8,0.88978934,0.03305459</skyColor>
                <gravitationalMultiplier>45</gravitationalMultiplier>
                <orbitalDistance>110</orbitalDistance>
                <orbitalTheta>92</orbitalTheta>
                <orbitalPhi>-212</orbitalPhi>
                <retrograde>false</retrograde>
                <avgTemperature>487</avgTemperature>
                <rotationalPeriod>263374</rotationalPeriod>
                <atmosphereDensity>19</atmosphereDensity>
                <generateCraters>true</generateCraters>
                <generateCaves>false</generateCaves>
                <generateVolcanos>true</generateVolcanos>
                <generateStructures>false</generateStructures>
                <generateGeodes>false</generateGeodes>
                <biomeIds>advancedrocketry:moon;30,advancedrocketry:moondark;30</biomeIds>
                <oceanBlock>minecraft:lava</oceanBlock>
            </planet>
        </planet>
    </star>
    <star blackHole="false" name="Alykitt" numGasGiants="0" numPlanets="0" size="1.0" temp="120" x="75" y="200">
        <planet DIMID="84" name="Alykitt 84">
            <isKnown>false</isKnown>
            <GasGiant>true</GasGiant>
            <gas>nitrogen</gas>
            <gas>ammonia</gas>
            <gas>oxygen</gas>
            <fogColor>1.0,1.0,1.0</fogColor>
            <skyColor>1.0,1.0,1.0</skyColor>
            <gravitationalMultiplier>105</gravitationalMultiplier>
            <orbitalDistance>197</orbitalDistance>
            <orbitalTheta>0</orbitalTheta>
            <orbitalPhi>0</orbitalPhi>
            <retrograde>false</retrograde>
            <avgTemperature>253</avgTemperature>
            <rotationalPeriod>24000</rotationalPeriod>
            <atmosphereDensity>113</atmosphereDensity>
            <generateCraters>false</generateCraters>
            <generateCaves>false</generateCaves>
            <generateVolcanos>false</generateVolcanos>
            <generateStructures>false</generateStructures>
            <generateGeodes>false</generateGeodes>
            <planet DIMID="85" name="Alykitt 84: 0">
                <isKnown>false</isKnown>
                <fogColor>1.0,1.0,1.0</fogColor>
                <skyColor>0.8,0.7082089,0.7598127</skyColor>
                <gravitationalMultiplier>42</gravitationalMultiplier>
                <orbitalDistance>118</orbitalDistance>
                <orbitalTheta>282</orbitalTheta>
                <orbitalPhi>-295</orbitalPhi>
                <retrograde>false</retrograde>
                <avgTemperature>282</avgTemperature>
                <rotationalPeriod>323939</rotationalPeriod>
                <atmosphereDensity>19</atmosphereDensity>
                <generateCraters>true</generateCraters>
                <generateCaves>false</generateCaves>
                <generateVolcanos>false</generateVolcanos>
                <generateStructures>false</generateStructures>
                <generateGeodes>false</generateGeodes>
                <biomeIds>advancedrocketry:moon;30,advancedrocketry:moondark;30</biomeIds>
            </planet>
            <planet DIMID="86" name="Alykitt 84: 1">
                <isKnown>false</isKnown>
                <fogColor>1.0,1.0,1.0</fogColor>
                <skyColor>0.8,0.76728725,0.8441863</skyColor>
                <gravitationalMultiplier>36</gravitationalMultiplier>
                <orbitalDistance>158</orbitalDistance>
                <orbitalTheta>139</orbitalTheta>
                <orbitalPhi>-69</orbitalPhi>
                <retrograde>false</retrograde>
                <avgTemperature>244</avgTemperature>
                <rotationalPeriod>514403</rotationalPeriod>
                <atmosphereDensity>16</atmosphereDensity>
                <generateCraters>true</generateCraters>
                <generateCaves>false</generateCaves>
                <generateVolcanos>false</generateVolcanos>
                <generateStructures>false</generateStructures>
                <generateGeodes>false</generateGeodes>
                <biomeIds>advancedrocketry:moon;30,advancedrocketry:moondark;30</biomeIds>
            </planet>
            <planet DIMID="87" name="Alykitt 84: 2">
                <isKnown>false</isKnown>
                <fogColor>1.0,1.0,1.0</fogColor>
                <skyColor>0.8,0.77737653,0.84572124</skyColor>
                <gravitationalMultiplier>51</gravitationalMultiplier>
                <orbitalDistance>165</orbitalDistance>
                <orbitalTheta>70</orbitalTheta>
                <orbitalPhi>-270</orbitalPhi>
                <retrograde>false</retrograde>
                <avgTemperature>239</avgTemperature>
                <rotationalPeriod>180925</rotationalPeriod>
                <atmosphereDensity>27</atmosphereDensity>
                <generateCraters>true</generateCraters>
                <generateCaves>false</generateCaves>
                <generateVolcanos>false</generateVolcanos>
                <generateStructures>false</generateStructures>
                <generateGeodes>false</generateGeodes>
                <biomeIds>advancedrocketry:marsh;30,minecraft:mushroom_island_shore;30,minecraft:jungle_hills;30,minecraft:savanna;30,minecraft:mutated_birch_forest_hills;30</biomeIds>
            </planet>
            <planet DIMID="88" name="Alykitt 84: 3">
                <isKnown>false</isKnown>
                <fogColor>1.0,1.0,1.0</fogColor>
                <skyColor>0.8,0.67258704,0.88526696</skyColor>
                <gravitationalMultiplier>36</gravitationalMultiplier>
                <orbitalDistance>160</orbitalDistance>
                <orbitalTheta>14</orbitalTheta>
                <orbitalPhi>-70</orbitalPhi>
                <retrograde>false</retrograde>
                <avgTemperature>242</avgTemperature>
                <rotationalPeriod>514403</rotationalPeriod>
                <atmosphereDensity>37</atmosphereDensity>
                <generateCraters>true</generateCraters>
                <generateCaves>false</generateCaves>
                <generateVolcanos>false</generateVolcanos>
                <generateStructures>false</generateStructures>
                <generateGeodes>false</generateGeodes>
                <biomeIds>minecraft:deep_ocean;30,minecraft:jungle;30,minecraft:birch_forest;10,minecraft:mutated_savanna;30,minecraft:forest_hills;30</biomeIds>
            </planet>
            <planet DIMID="89" name="Alykitt 84: 4">
                <isKnown>false</isKnown>
                <fogColor>1.0,1.0,1.0</fogColor>
                <skyColor>0.8,0.6963203,0.6798301</skyColor>
                <gravitationalMultiplier>32</gravitationalMultiplier>
                <orbitalDistance>108</orbitalDistance>
                <orbitalTheta>337</orbitalTheta>
                <orbitalPhi>279</orbitalPhi>
                <retrograde>false</retrograde>
                <avgTemperature>295</avgTemperature>
                <rotationalPeriod>732421</rotationalPeriod>
                <atmosphereDensity>16</atmosphereDensity>
                <generateCraters>true</generateCraters>
                <generateCaves>false</generateCaves>
                <generateVolcanos>false</generateVolcanos>
                <generateStructures>false</generateStructures>
                <generateGeodes>false</generateGeodes>
                <biomeIds>advancedrocketry:moon;30,advancedrocketry:moondark;30</biomeIds>
            </planet>
        </planet>
        <planet DIMID="90" name="Alykitt 90">
            <isKnown>false</isKnown>
            <fogColor>1.0,1.0,1.0</fogColor>
            <skyColor>0.8,0.7583468,0.45105833</skyColor>
            <gravitationalMultiplier>129</gravitationalMultiplier>
            <orbitalDistance>98</orbitalDistance>
            <orbitalTheta>325</orbitalTheta>
            <orbitalPhi>154</orbitalPhi>
            <retrograde>false</retrograde>
            <avgTemperature>368</avgTemperature>
            <rotationalPeriod>11051</rotationalPeriod>
            <atmosphereDensity>124</atmosphereDensity>
            <generateCraters>false</generateCraters>
            <generateCaves>false</generateCaves>
            <generateVolcanos>false</generateVolcanos>
            <generateStructures>true</generateStructures>
            <generateGeodes>false</generateGeodes>
            <biomeIds>minecraft:extreme_hills;10</biomeIds>
        </planet>
        <planet DIMID="91" name="Alykitt 91">
            <isKnown>false</isKnown>
            <fogColor>1.0,1.0,1.0</fogColor>
            <skyColor>0.8,0.9824843,0.8447367</skyColor>
            <gravitationalMultiplier>130</gravitationalMultiplier>
            <orbitalDistance>152</orbitalDistance>
            <orbitalTheta>126</orbitalTheta>
            <orbitalPhi>20</orbitalPhi>
            <retrograde>false</retrograde>
            <avgTemperature>249</avgTemperature>
            <rotationalPeriod>10923</rotationalPeriod>
            <atmosphereDensity>52</atmosphereDensity>
            <generateCraters>true</generateCraters>
            <generateCaves>false</generateCaves>
            <generateVolcanos>false</generateVolcanos>
            <generateStructures>false</generateStructures>
            <generateGeodes>false</generateGeodes>
            <biomeIds>minecraft:ice_flats;30</biomeIds>
        </planet>
        <planet DIMID="92" name="Alykitt 92">
            <isKnown>false</isKnown>
            <fogColor>1.0,1.0,1.0</fogColor>
            <skyColor>0.8,0.77550226,0.7249626</skyColor>
            <gravitationalMultiplier>98</gravitationalMultiplier>
            <orbitalDistance>135</orbitalDistance>
            <orbitalTheta>199</orbitalTheta>
            <orbitalPhi>52</orbitalPhi>
            <retrograde>false</retrograde>
            <avgTemperature>264</avgTemperature>
            <rotationalPeriod>25113</rotationalPeriod>
            <atmosphereDensity>54</atmosphereDensity>
            <generateCraters>true</generateCraters>
            <generateCaves>false</generateCaves>
            <generateVolcanos>false</generateVolcanos>
            <generateStructures>false</generateStructures>
            <generateGeodes>false</generateGeodes>
            <seaLevel>80</seaLevel>
            <biomeIds>minecraft:stone_beach;30,minecraft:mutated_redwood_taiga;30,minecraft:swampland;10,minecraft:mutated_mesa_rock;30,minecraft:jungle;30</biomeIds>
        </planet>
    </star>
</galaxy>
